Source,ID/Code,Name,Address,Map Link,Phones,GPS,Commune,Wilaya ID,Wilaya Name
noest,1A,Adrar (NOEST),Cité les palmier en face l'hopital,https://maps.app.goo.gl/2Nrh9EFjphQwNJxXA,0550602181 - 0561623531,,,1,
noest,2A,Chlef (NOEST),Rue Lac des Forêts (À côté du CNRC),https://maps.app.goo.gl/ej8xXgs4uzC227ke6,0770582116 - 0561686360,,,2,
noest,2B,Chlef «Tenes» (NOEST),Rue de Cherchell en face l’école primaire les frères Menad Ténès,https://maps.app.goo.gl/LAM2QA4ikvbwoKur5,560469155,,,2,
noest,3A,Laghouat (NOEST),Cité Al Ouiam (En face la mosquée Hammani ),https://maps.app.goo.gl/n2sXZSeYmxJdFopLA,0550600359 - 0770611585,,,3,
noest,3B,Laghouat «Aflou» (NOEST),"Rue Al-Gaada, à côté de la boulangerie Belkhair",,550314898,,,3,
noest,4A,Oum El Bouaghi «Ain Mlila» (NOEST),"Cité El Hanaa, route du Lycée Messas",https://maps.app.goo.gl/8RwhB9oBaPbKUgvp7,561848298,,,4,
noest,4B,Oum El Bouaghi (NOEST),Cité 176 logements LSP Batiment 13 – Oum El Bouaghi,https://maps.app.goo.gl/uNV57wKUxH1g5ZwK8,0560445954 - 0560445855,,,4,
noest,4C,Oum El Bouaghi «Aïn El Béïda» (NOEST),Aïn Béïda en face C.N.A.S  a coté de Pharmacie Belambri,https://maps.app.goo.gl/ejzrBevboShW3FEK8,0664093739 - 0541149891,,,4,
noest,5A,Batna (NOEST),Cité meddour kchida en face les batiments 500,https://maps.app.goo.gl/fS4yobMdauC9yyxYA,0560105318 - 0561929074 - 0770605118,,,5,
noest,5B,Batna «Barika» (NOEST),"Quartier CHAABANI , en face notaire Bachir Farhani, a coté Algerie Telecom",https://maps.app.goo.gl/dKCKkRS6XXreRWki8,0560183389 - 0560183413 - 0560183206,,,5,
noest,5C,Batna (NOEST),Cité 1200 logements oulmi en face la nouvelle poste et station pétro baraka,https://maps.app.goo.gl/xdXTyw2ayFftVFbE7,0563033092 - 0563033091 - 0770881575,,,5,
noest,6A,Bejaïa (NOEST),"rue des frères Tabet ,a 20 mètres de l'hôtel Golden H en face la nouvelle promotion nid d'abeille.",,0561686346 - 0550429286 - 0561871121,,,6,
noest,6B,Bejaïa «Akbou» (NOEST),Rue hibouche – arafou En face de djurdjura cars et alliance assurance,https://maps.app.goo.gl/viKPQgksLQ26xPVd8,0555589102 - 0555589207,,,6,
noest,6C,Bejaïa «El-Kseur» (NOEST),"Rue hamaoui hamid commune El-Kseur, bejaia | Repère: local en face la sempac el-kseur",https://maps.app.goo.gl/2zADgaMghSCzZhKD6,0563026724 - 0563026713,,,6,
noest,7A,Biskra (NOEST),"N° 05, cité elboustène,(Hai ELmodjahidine) en face du Centre de formation et de d'intervention rapide de la police",https://maps.app.goo.gl/nouoHiui3pgfgNZH6,770608890,,,7,
noest,8A,Béchar (NOEST),Cité 622 Logement Al Badr N°02 - Bloc 52 (derière la radio EL SAOURA / En face la protection civile),https://maps.app.goo.gl/W6zQbC9oQnMk6Kcm9,0561686335 - 0550429404,,,8,
noest,9A,Blida (NOEST),El ramoule à côté de la nouvelle gare routière,https://maps.app.goo.gl/cNpbAjGRrumo5EDi6,0561686325 - 0550600998 - 0561638691,,,9,
noest,9B,Blida « Boufarik » (NOEST),La résidence Belkbir en face la salle des fetes Layalina,https://maps.app.goo.gl/YXN6FUhboxnTBxRS7,0555589398 - 0555589395,,,9,
noest,10A,Bouira (NOEST),"Villa hamzaoui, ammar khodja , bouira",https://maps.app.goo.gl/bJQYAUTLNyEnhpUA8,0770801024 - 0550428219,,,10,
noest,10B,Bouira « Lakhdaria » (NOEST),Route national n°05 projet 55 logts social participatif BT A -lakhdaria – bouira (monté tizi elbir à coté de dépôt de vente Semoule MAMA).,https://maps.app.goo.gl/ZrDFweGcU63DVjD49,0770170513 - 0563026714,,,10,
noest,11A,Tamanrasset (NOEST),مولاي عومار طريق دائرة مقابل العشاب – مالطا,https://maps.app.goo.gl/g2ewPChs2HaC9FSA6,0770127283 - 0770749607 - 0770820674,,,11,
noest,12A,Tébessa (NOEST),"a cote du 2eme commissariat de police et du magasin de meubles REDEL, Tébessa",https://maps.app.goo.gl/UidJ6oXqYPmC8JbT9,0770613002 - 0550602622,,,12,
noest,13A,Tlemcen (NOEST),"Les Dhalias 426 El kiffane, tlemcen (La station sera ouverte de 08h30 jusqu'à 18h00.)",https://maps.app.goo.gl/VdCwkoHHZGabbjfx9,0561660040 - 0561808143 - 0770750242,,,13,
noest,13B,Tlemcen «Maghnia» (NOEST),"Ouled ben saber, À côté restaurant Rais ",https://maps.app.goo.gl/bJsoBcyp6G5ydp747,0560851262 - 0560857684 - 0560912307,,,13,
noest,14A,Tiaret (NOEST),Cité 180 logements CNT local 01 N° 63 – Tiaret,https://maps.app.goo.gl/1LrM2edmMH8mSMnV8,0550429624 - 0560350227,,,14,
noest,14B,Tiaret « Frenda » (NOEST),Cité 60 logements D121 GP 82 - Frenda,https://maps.app.goo.gl/9pvEUxbXywsyPuzV7,0560265156 - 0560265357,,,14,
noest,15A,Tizi Ouzou (NOEST),"Cité 450 Logements, Nouvelle Ville enface la salle des fetes lilya",https://maps.app.goo.gl/rUxomC9VwyAd4MS16,0561623528 - 0550429176,,,15,
noest,15B,Tizi Ouzou «Azazga» (NOEST),Route nationale N= 12 taddart,https://maps.app.goo.gl/PD37mvfqqr1NXkDy8,0561906076 - 0561906289,,,15,
noest,15C,Tizi Ouzou «Draa Ben Khedda» (NOEST),"cooperative -EL WOOROUD, EN FACE A.D.E et ANEM de draa-ben khedda",https://maps.app.goo.gl/GXGzTN7o7jZHCoa58,0770127536 - 0770127817,,,15,
noest,16A,Alger « Bir mourad Rais » (NOEST),"02, Lotissement Beau Séjour, Bir Mourad Raïs",https://maps.app.goo.gl/B1hsjSttffH5GSQK9,0770610277 - 0561660023 - 0560158799,,,16,
noest,16B,Alger « Bab Ezzouar » (NOEST),"Devant clinique médicale, En face Ecole Hilal School",https://maps.app.goo.gl/qG22tYtJ4WuWX6W6A,0560301762 - 0770608746 - 0770615054,,,16,
noest,16C,Alger « Chéraga » (NOEST),"Place Iben Badis N° 03 - RDC , Chéraga",https://maps.app.goo.gl/qLBhYaVRskR6K7XN9,0560846037 - 0560812936,,,16,
noest,16D,Alger « Reghaia » (NOEST),"822 Logmts LPP Amirouche Batiment A7 N°04 rez-de-chaussée ,Reghaia",https://maps.app.goo.gl/HC8KvHRuviDoZj6h8,0560441770 - 0560441926 - 0561680248,,,16,
noest,16E,Alger « Centre - Sacré-Cœur » (NOEST),"22 Rue Hocine BELADJEL, Sacré-Cœur, Alger Centre, (En face la banque BADR)",https://maps.app.goo.gl/TXhvnMmKxGW4qMxs7,0560181237 - 0560181433 - 0560181730 - 0560181471,,,16,
noest,16F,Alger « Baba Hassen » (NOEST),"Cité Cherchali Boualam, À côté de croissant rouge, Baba Hassen",https://maps.app.goo.gl/EdXbRxRZW2EuGMrN6,0560182594 - 0560182915 - 0560183036,,,16,
noest,16G,Alger « Baraki » (NOEST),"Baraki, route de Larbaâ, entre la mosquée El Bachir El Ibrahimi et le commissariat de la circonscription administrative.",https://maps.app.goo.gl/iyNkN9K46bvPAHAa8,0560158882 - 0560158961 - 0560158953,,,16,
noest,16H,Alger « Bordj el bahri » (NOEST),"Cité Galoul, lotissement coopératif immobilier, n° 428 (A coté de la crèche IBN BAZ - طريق المرشي كوسيدار الجديدة )",https://goo.gl/maps/wunCi94v4i1feEnv8,0563029129 - 0563029128,,,16,
noest,16I,Alger « Zeralda » (NOEST),"Local N, Cité 62 local LPP BTN 5C, 02 03 RDC, Zéralda",https://maps.app.goo.gl/AikVJeQ1HCGym1NR6,0563029229 - 0560262242,,,16,
noest,17A,Djelfa (NOEST),"Centre-ville, en face de la Caisse Nationale des Retraites (C.N.R), Quartier Ben Djerma",https://maps.app.goo.gl/XzTJCLFSvtiA4PWV6,0770580860 - 0550429422,,,17,
noest,17B,Djelfa «Ain Ouassara» (NOEST),"Quartier Mohamed Boudiaf, Section 23, Local n° 30 Bisi, Commune de Ain Oussera.",https://maps.app.goo.gl/vT6iVZfJrZv8ZgRXA,0549746237 - 027941332 - 0778550473,,,17,
noest,18A,Jijel (NOEST),"rue26, Avenue Kaoula Mokhtar, cita sans intérdit , Hay IDARI",https://maps.app.goo.gl/Xd69qa4VBgX63ZXMA,0770613439 - 0561660019,,,18,
noest,19A,Sétif (NOEST),Cité Mesoudi Edhouadi 1014-614 Logement (En face la gare Didouche Mourad),https://maps.app.goo.gl/6hq9NN4VUM5BAj7D8,0550428220 - 0561638678,,,19,
noest,19B,El eulma (NOEST),"Tassahoumi, a coté de transport hamouda et hôtel Rato rue Touaher el khayer et à côté de transport el ikhlas, el eulma, Sétif (La station sera ouverte de 08h30 jusqu’à 18h00.)",https://maps.app.goo.gl/r5e1bxGG3r6ZcjHi6?g_st=aw,0561864463 - 0550428625 - 0770608717,,,19,
noest,19C,Sétif «Ain Oulmene» (NOEST),"En face CEM Douhil Abdul Hamid,",https://maps.app.goo.gl/QDG27DsQddAXCgUG6,0770749621 - 0770749618,,,19,
noest,19RE,Sétif «Guidjel» (NOEST),"La zone industrielle, en face du groupe SADI et à côté de la moussala d'El Takwa",https://maps.app.goo.gl/cpCLJ2TQe36sg7SK6,0770749653 - 0555506670,,,19,
noest,20A,Saïda (NOEST),Cité Riad en face Maison de l'Environnement,https://maps.app.goo.gl/VviCNGfZ5paDP6Yg8,0550428481 - 0560421128,,,20,
noest,21A,Skikda (NOEST),"Rue du Chahid Meziane Salah (Route Bouyali, Immeuble Guerza) شارع الشهيد مزيان صالح (طريق بويعلى,عمارة ڨرزة)",https://maps.app.goo.gl/Gq9zgUTm4ouAh5yKA,0770773555 - 0561759686,,,21,
noest,21B,Skikda « Azzaba » (NOEST),Cite mefrouche  dahmane,,560316523,,,21,
noest,22A,Sidi bel abbès (NOEST),"Rue CPR , En face Masjid El Ansar - حي بني عامر ، مقابل مسجد الانصار",https://maps.app.goo.gl/etRK49tRiqgm2jM89,0770610413 - 0560419987,,,22,
noest,23A,Annaba (NOEST),"Rue Djemila, Saint Claud (À côté de la mosqué Badr)",https://maps.app.goo.gl/6yKATA45oXvHHihk9,0561623524 - 0770582366 - 0770582331 - 0770610699,,,23,
noest,23B,Annaba «EL BOUNI» (NOEST),"Fractionnement de la Bouni 2, zone urbaine n° 43, rez-de-chaussée, section 40, groupe de propriété 02, Bouni",https://maps.app.goo.gl/z5TMRRUV6awNv3dRA,0770932016 - 0560777653,,,23,
noest,24A,Guelma (NOEST),"Cité 19 Juin - Numéro 02, en face marché Elbaraka",https://maps.app.goo.gl/8gi3VUh2aasGbGQT7,0659698421 - 0770610741,,,24,
noest,25A,Constantine «Zouaghi» (NOEST),Cité Tlemcen Zouaghi (En face de la gendarmerie),https://maps.app.goo.gl/hCfjk81JdYZe1kLt8,0561850861 - 0550429556 - 0556910802 - 0560005537,,,25,
noest,25B,Constantine «Ali Mendjeli» (NOEST),En face de Sarl Natura pro Algérie/entre deux salles des fêtés el baraka et méga,https://maps.app.goo.gl/qk8oJNE96vvU2kzM7,0561623523 - 0770570921 - 0559006598 - 0560183481,,,25,
noest,25C,Constantine (NOEST),Avenue Kaddour Boumedous (Ciloc) a coté de la direction régionale d’Air Algérie.,https://maps.app.goo.gl/N9uLL4Ji2AagvhWZ9,0560459167 - 0560463858 - 0555508343 - 0561906766 - 0770890359,,,25,
noest,26A,Médéa (NOEST),Cité Ennasr (Près du pôle universitaire et Sonelgaz),https://maps.app.goo.gl/u1nnLgz6wQABnUt19,0770605318 - 0550429981,,,26,
noest,27A,Mostaganem (NOEST),La pépinière en face la glacière juste à côté de la libraire BENALIOUA ( cité AKID AMIROUCHE boulevard NAFOUSSI OTHMAN),https://maps.app.goo.gl/1a83AMSY4JicE49U8,0561772345 - 0561827231,,,27,
noest,27B,Mostaganem «Sidi lakhder» (NOEST),rue si abdelah  01 novembre devant la poste sidi lakhder,https://maps.app.goo.gl/QKZ5yCySSb2Eo7XP7,560264267,,,27,
noest,28A,M'sila (NOEST),Rue Ichbilia (En face l'université de M'Sila),https://maps.app.goo.gl/GPxraSKTwr6gqPdF6,0770754014 - 0561821829,,,28,
noest,28B,M'sila «Bousaada» (NOEST)," Cité El Bader (ESTTIH) a coté de L'annexe de L'APC ,Bousaada",https://maps.app.goo.gl/Fq9e9wroyanPQ7CA9,559270829,,,28,
noest,29A,Mascara «Mohammadia» (NOEST),"Rue Larbi Ben M'hidi, a coté de l'agence de Barigou,",https://maps.app.goo.gl/8qccid2Pesg8FtpR8,0770582372 - 0550602272,,,29,
noest,29B,Mascara «Ville» (NOEST),"Rue d'oran , colonel Amirouche , lot 112 N° 07 local 06 ,a coté de hadj Grrifa",,0561680241 - 0561680236 - 0561680238,,,29,
noest,30A,Ouargla (NOEST),"Sidi Abdelkader, derrière la maison de jeune",https://maps.app.goo.gl/Eeq8SWYKwXZVu2XV6,0550602271 - 0770938789,,,30,
noest,30B,Ouargla «Hassi Messaoud» (NOEST),"Quartier 1850, rue principale du marché hebdomadaire, en face de l’ancienne agence KIA, Hassi Messaoud",https://maps.app.goo.gl/QKZ5yCySSb2Eo7XP7,0563026710 - 0563026725,,,30,
noest,31A,Oran «Maraval» (NOEST),Maraval en face fulla moda a côté de supérette El kandi,https://maps.app.goo.gl/t7SNHxxqhJXKBBae8,0560449927 - 0561623534,,,31,
noest,31B,Oran «Bir El Djir» (NOEST),Coopérative Immobilière Dar El Amel - N°14 - Local1 RC,https://maps.app.goo.gl/YyNEn3FWzMchRyLK9,0550429662 - 0550429661,,,31,
noest,31C,Oran «Gambita» (NOEST),Gambetta En face arrêt de bus 51 et 11 de (dispensaire cave-gay),https://maps.app.goo.gl/832PTz4ngWYMxzkf6,0560181020 - 0560181117 - 0560181125,,,31,
noest,31D,Oran «Arzew» (NOEST),"EN FACE ANCIEN DAIRA D’ARZEW , Rue KADIR ELHABIB N° 04, Oran",,0560265681 - 0560266405,,,31,
noest,32A,El Bayadh (NOEST),"Cité jolie vue (Al-Mandhar Al-Jamil), à côté de la Direction de la distribution d'électricité et de gaz",https://maps.app.goo.gl/qbL18AuxDX4iTosx9,560481886,,,32,
noest,33A,Illizi (NOEST),(À côté de la wilaya / Près de boulangerie Ben Ziar),https://maps.app.goo.gl/EYsD2SuG2x9e1e6N6,560892842,,,33,
noest,34A,Bordj Bou Arreridj (NOEST),Rue Tabet Salah Bordj Bou Arreridj (Devant la maison de finance),https://maps.app.goo.gl/tndtMs9TUTZ4XPgk7,0550428634 - 0770773018,,,34,
noest,35A,Boumerdès (NOEST),Cité mimouza en face la piscine olympique Boumerdes,https://maps.app.goo.gl/TemVvkYXig6VyEpz5,0770754064 - 0770570924,,,35,
noest,35B,Boumerdès «Ouled Moussa» (NOEST),La zone industrielle d'Ouled Moussa,https://maps.app.goo.gl/mZAQoLAj3uJnvEPr8,0550430051 - 0560665086,,,35,
noest,35C,Boumerdès «Bordj Menaiel» (NOEST),"Rue Madaoui Ali, LOCAL BOUMZER EN FACE OPHTALMOLOGISTE DOCTEUR BENMOUSSA HOCINE, BORDJ MENAIEL, BOUMERDES (La station sera ouverte de 08h30 jusqu'à 18h00)",https://maps.app.goo.gl/fefE7RWUe7anKPwA9,0563029215 - 0563029214,,,35,
noest,35D,Boumerdès «Dellys» (NOEST),"La banlieue Est de Dellys, route nationale n° 24, Rez de chaussée bâtiment (B), Local N° B05, DELLYS | Repère : AGENCE IMMOBILLIERE NADJI",https://maps.app.goo.gl/C4VdGeKvsZBVWPWc9,560018652,,,35,
noest,36A,El Taref (NOEST),City center ( centre commerciale zaydi 1er étage N°10 )wilaya etEl taref,https://maps.app.goo.gl/GJF8NyCrQDXd5w73A,0550522421 - 0550523464,,,36,
noest,37A,Tindouf (NOEST),"Magasin N°03 cité Al-Qasabi, Section 14, Groupement Immobilier N° 165, Commune de Tindouf (la station sera ouverte de 08h30 jusqu’à 17h00)",https://maps.app.goo.gl/gpqJxUdLaebL7NGt7,560555395,,,37,
noest,38A,Tissemsilt (NOEST),Résidence kaidi (promotion) ancien arrêt des taxis,https://maps.app.goo.gl/qBX7DVgH2dBAZfKu6,0560650819 - 0555589197,,,38,
noest,39A,El Oued (NOEST),"Cité Al-Rimal, Commune El Oued wilaya El Ouadi (la route menant au tribunal)",https://maps.app.goo.gl/2GeaAQvQotEyjsg28,0550520770 - 0550521485,,,39,
noest,40A,Khenchela (NOEST),Rue du poid lourd à coté de la clinique du dialyse Messai -Khenchela-,https://maps.app.goo.gl/2MmLNCuoL7szc1YA8,0561759173 - 0560469790 - 0555562589,,,40,
noest,41A,Souk ahres (NOEST),En face radio souk ahras et l laboratoire des analyses Taghest,https://maps.app.goo.gl/8sKTN9kvbPMbhF3G8,0560030559 - 0560039852,,,41,
noest,42A,Tipaza (NOEST),"Cité Mohammed Bougara, a coté de ecole privé DAYA Shcool",https://maps.app.goo.gl/S8u9UU2HsXyT19Ms6,0770580690 - 0550602568,,,42,
noest,42B,Tipaza «Koléa» (NOEST),"Route d’Alger - Kolea, commune de Kolea, wilaya de Tipaza.",https://maps.app.goo.gl/6pQ9EdJsh39qbhpW8,0563026712 - 0563026701 - 0770170636,,,42,
noest,43A,Mila (NOEST),chateau d'eau en face protection civile,https://maps.app.goo.gl/UVcD63ANz8Zxi1hc8,0550518508 - 0550518509,,,43,
noest,43B,Mila «Chelghoum El aid» (NOEST),Rue 1er Nouvembre 1954 Chelghoum El aid (hotel Rhumel),,550523511,,,43,
noest,43C,Mila «Tadjenanet» (NOEST),Rue 1 novembre en face cem mohamed abdo,,660968179,,,43,
noest,44A,Ain Defla (NOEST),"City Najem, en face de l'entrée du groupement régional de la Gendarmerie Nationale, L’escadron",https://maps.app.goo.gl/X6h2X7J9dgH9idGt7,0561770486 - 0560607115 - 0560889758,,,44,
noest,44B,Ain Defla «Khemis miliana» (NOEST),Cité Ahmed ben Abd Allah commune khemismiliana wilaya de Ain defla,https://maps.app.goo.gl/yEUeJychPyp9VZoJ9,0556069297 - 0553011878,,,44,
noest,45A,Naâma «Mécheria» (NOEST),"Route Nationale n°06, à côté de l’hôtel Amine et du centre d’Algérie Télécom",https://maps.app.goo.gl/3CkDdyRMLKmnbbZg9,0560294576 - 0770615202,,,45,
noest,46A,Aïn Témouchent (NOEST),22A cité des oliviers ain témouchnet 46000(en face du parking de la  wilaya),https://maps.app.goo.gl/V6HZrwBBZgsW5sjx8,0560908785 - 0550428624,,,46,
noest,47A,Ghardaïa (NOEST),"Rue principale Hadj Messaoud en face la branche municipale, Haj Masoud",https://maps.app.goo.gl/o8LUFLQj796inkPe8,0561686305 - 0561638680,,,47,
noest,48A,Relizane (NOEST),"Cité 31 logmt en face la justice, a coté de la banque societé général algerie",https://maps.app.goo.gl/TVkvkzx9DSXGLyc26,0560754029 - 0560791527,,,48,
noest,49A,Timimoun (NOEST),"cité MAHDJOUB N° de la porte 16 , Timimoun en face le stade et SAA",https://maps.app.goo.gl/NXKZEjzRWWA4b4aA6,555518628,,,49,
noest,51A,Ouled Djellal (NOEST),"تحت فندق ترنزيت نجانبة الحماية المدنية ولاد جلال /   Rez-de-chaussée de l'hôtel Transit, à côté de la protection civile d'Ouled Djellal.",https://maps.app.goo.gl/NhyzzqPmKrJRgs1b9,770749651,,,51,
noest,52A,BENI ABBES (NOEST),"A coté la wilaya BENI ABBES , en face LAPIWI ( المجلس الشعبي الولائي  (",https://maps.app.goo.gl/27WiRCQt9ZAZ2Xbj9,561906728,,,52,
noest,53A,In Salah (NOEST),"Près de la Direction des travaux publics, en face de l'entrée du radar d'Algérie Télécom",https://maps.app.goo.gl/kcTKWXveoDBDjXRi6,560362803,,,53,
noest,55A,Touggourt (NOEST),"Cité Sidi Abdeslam (Prés de la banque BEA), Touggourt",https://maps.app.goo.gl/K87WhPBkdSoTX5eS9,770610683,,,55,
noest,56A,Djanet (NOEST),"Centre-ville Tine Khatema, à côté du dentiste, Djanet",https://maps.app.goo.gl/JYAs2vcDcr1YYbr87,563026716,,,56,
noest,58A,El Meniaa (NOEST),Rue de l'unite African (À côté de la boulangerie Boussaid) Il se trouve à 20 mètres de la mosquée saad beno abi elouas,https://maps.app.goo.gl/q2u9ijWUoQymwa7dA,770602445,,,58,
yalidine,10101,Agence de Adrar [Yalidine],Rue Benhachem Maamar,"https://maps.google.com/?q=27.875695678434518,-0.28488572885492014",,"27.875695678434518,-0.28488572885492014",Adrar,1,Adrar
yalidine,21101,Agence de Chlef [Yalidine],route national N4 Chlef,"https://maps.google.com/?q=36.1707130,1.3349650",,"36.1707130,1.3349650",Chlef,2,Chlef
yalidine,21102,Agence de Chlef [Guepex],"Cité Cherifi Kadour, 113","https://maps.google.com/?q=36.16073470034724,1.3307245621473522",,"36.16073470034724,1.3307245621473522",Chlef,2,Chlef
yalidine,23401,Agence de Ténès [Guepex],"Bt A2 Rdc Local 28, Sortie Ouest Route De Mostaganem","https://maps.google.com/?q=36.50473150265476,1.286761899576662",,"36.50473150265476,1.286761899576662",Ténès,2,Chlef
yalidine,30102,Agence Laghouat (Cité OASIS) [EasyAndSpeed],"Cité l'OASIS, centre ville Laghouat, Laghouat.","https://maps.google.com/?q=33.811561602108206,2.8597337097525823",,"33.811561602108206,2.8597337097525823",Laghouat,3,Laghouat
yalidine,31901,Agence de Aflou [Yalidine],"Hai Zahi Ben Aissa, Route El Bayadh (à coté de la centrale de police)","https://maps.google.com/?q=34.11114198779646,2.0961174596054004",,"34.11114198779646,2.0961174596054004",Aflou,3,Laghouat
yalidine,40101,Agence de Oum el Bouaghi [Yalidine],Cité El Moustakbel,"https://maps.google.com/?q=35.871998629133536,7.1077427693234645",,"35.871998629133536,7.1077427693234645",Oum el Bouaghi,4,Oum El Bouaghi
yalidine,40301,Agence de Aïn M'lila [Yalidine],Route Messas (à coté superette Amiche),"https://maps.google.com/?q=36.04672082846558,6.568678708926481",,"36.04672082846558,6.568678708926481",Aïn M'lila,4,Oum El Bouaghi
yalidine,50101,Agence des 500 Logements [Yalidine],Lotissement Meddour (En Face Lycee 500 Logements),"https://maps.google.com/?q=35.55062452513792,6.154746735050948",,"35.55062452513792,6.154746735050948",Batna,5,Batna
yalidine,50103,Agence du CHU Route de Tazoult [Guepex],"Cité frères Lombarkia, ex parc à fourrage","https://maps.google.com/?q=35.53111052619345,6.19182254228705",,"35.53111052619345,6.19182254228705",Batna,5,Batna
yalidine,54201,Agence de Barika [Guepex],"Boulevard Azil Abdul Rahman, Rue Les Freres Debache, Route De Batna","https://maps.google.com/?q=35.3798441310065,5.378196883423196",,"35.3798441310065,5.378196883423196",Barika,5,Batna
yalidine,60101,Agence de Béjaïa (Cité Tobal) [Guepex],"Cité Tobal en face de Syken collège, Béjaïa","https://maps.google.com/?q=36.74944866542828,5.071125525141842",,"36.74944866542828,5.071125525141842",Béjaïa,6,Béjaïa
yalidine,60102,Agence de Béjaïa (Edimco) [Yalidine],"Zone Industrielle, Rue Mahfoudi Fateh, Edimco, (Derrière le centre commercial Ritadj-Mall)","https://maps.google.com/?q=36.74500763190776,5.056510728863536",,"36.74500763190776,5.056510728863536",Béjaïa,6,Béjaïa
yalidine,62501,Agence de Akbou [Yalidine],Cite 16 Logement Eplf,"https://maps.google.com/?q=36.45941780427994,4.536392157727091",,"36.45941780427994,4.536392157727091",Akbou,6,Béjaïa
yalidine,64001,Agence de El Kseur [Guepex],"Rue Zema Abdelkader, commune d’El Ksar.","https://maps.google.com/?q=36.68097107653013,4.849056638630961",,"36.68097107653013,4.849056638630961",El Kseur,6,Béjaïa
yalidine,70402,Agence de Biskra (Zone Ouest) [EasyAndSpeed],"Coopératif du verger N°22 Zone Ouest, Biskra ","https://maps.google.com/?q=34.86410253083451,5.715919862126138",,"34.86410253083451,5.715919862126138",Biskra,7,Biskra
yalidine,73201,Agence de Tolga [Guepex],Cité Sidi Rouak rue Soltani Ahmed,"https://maps.google.com/?q=34.73467307145867,5.381802271145784",,"34.73467307145867,5.381802271145784",Tolga,7,Biskra
yalidine,80101,Agence de Béchar (Centre Ville) [Yalidine],"Cite Hai El Badr, Lot N°50, Secteur N°49, Local 01, Béchar","https://maps.google.com/?q=31.605981803220686,-2.232912635019772",,"31.605981803220686,-2.232912635019772",Béchar,8,Béchar
yalidine,80102,Agence Béchar (Cité Es Salam) [EasyAndSpeed],"Quartier Essalam, Section 21, Groupe foncier n° 524, Béchar","https://maps.google.com/?q=31.62948007960236,-2.22078959025644",,"31.62948007960236,-2.22078959025644",Béchar,8,Béchar
yalidine,90101,Agence de Blida [Yalidine],La zone indistruelle Ben Boulaid (Devant Family Shop),"https://maps.google.com/?q=36.49196812851148,2.8424850849082146",,"36.49196812851148,2.8424850849082146",Blida,9,Blida
yalidine,90102,Agence de Bab Dzair [Guepex],"21 centre d'artisans, rue d'Alger","https://maps.google.com/?q=36.472777177490215,2.8313255422774586",,"36.472777177490215,2.8313255422774586",Blida,9,Blida
yalidine,90701,Agence Ouled Yaich [Yalidine],Rue de la mosquée,"https://maps.google.com/?q=36.495598820799735,2.8604034367518314",,"36.495598820799735,2.8604034367518314",Ouled Yaïch,9,Blida
yalidine,91601,Agence Mouzaia Blida [Guepex],Quartier du marché groupe 36,"https://maps.google.com/?q=36.466839890514564,2.686858928650103",,"36.466839890514564,2.686858928650103",Mouzaia,9,Blida
yalidine,92001,Agence de Boufarik [Guepex],64 Rue Si Ben Youcef,"https://maps.google.com/?q=36.57409336434954,2.9140737574757805",,"36.57409336434954,2.9140737574757805",Boufarik,9,Blida
yalidine,92101,Agence de Larbaa [Zimou-Express],Rue El Emir Khaled,"https://maps.google.com/?q=36.5666270734497,3.1543977163459918",,"36.5666270734497,3.1543977163459918",Larbaa,9,Blida
yalidine,100101,Agence Ain Bessem [Guepex],"Rue Abdelkader Bouziane, Section 46 Groupe de propriété n°156 Commune d’Aïn Bessem","https://maps.google.com/?q=36.29384322085325,3.6756484464787",,"36.29384322085325,3.6756484464787",Aïn Bessem,10,Bouira
yalidine,101601,Agence de Bouira [Yalidine],Lotissement Amar Khoudja B0 (A Gauche Du Nouveau Rond Point D'Aigle En Allant Vers Le Boulevard),"https://maps.google.com/?q=36.37042045017322,3.8758492313266446",,"36.37042045017322,3.8758492313266446",Bouira,10,Bouira
yalidine,103101,Agence de Lakhdaria [Yalidine],"cité si Lakhdar Derrière l'Algérienne des Eaux, À côté du laboratoire Boudina.","https://maps.google.com/?q=36.563972759374806,3.5993137308374",,"36.563972759374806,3.5993137308374",Lakhdaria,10,Bouira
yalidine,104101,Agence de Sour El Ghouzlane [Guepex],"N°03 Cite Sayeh, Section 13","https://maps.google.com/?q=36.143071573354455,3.6951283180568684",,"36.143071573354455,3.6951283180568684",Sour El Ghouzlane,10,Bouira
yalidine,110101,Agence de Tamanrasset (Gataâ El Oued) [Guepex],Cité Gataâ El Oued N 742 743 Commune Tamanrasset,"https://maps.google.com/?q=22.78495481213817,5.517133685352839",,"22.78495481213817,5.517133685352839",Tamanrasset,11,Tamanrasset
yalidine,110102,Agence Tamanrasset (Tahaggart) [Yalidine],Tahaggart CHARKIA EN FACE MOSQUEE F.ZAHRAA,"https://maps.google.com/?q=22.791772342647075,5.519063835582057",,"22.791772342647075,5.519063835582057",Tamanrasset,11,Tamanrasset
yalidine,110103,Agence Tamanrasset (Sorro Ivolutif) [Easy&amp;Speed],حي سورو (تجزئة 505 قطعة) بلدية تامنراست,"https://maps.google.com/?q=22.80004375984567,5.545667632367685",,"22.80004375984567,5.545667632367685",Tamanrasset,11,Tamanrasset
yalidine,120101,Agence de Tébessa [Yalidine],Boulevard Houari Boumediene (En Face De La Pharmacie Hazourli),"https://maps.google.com/?q=35.396636906679085,8.109079713415683",,"35.396636906679085,8.109079713415683",Tébessa,12,Tébessa
yalidine,120103,Centre de tri Skanska (Tébessa) [Yalidine],"Cité El Amel, Skanska, Tébessa","https://maps.google.com/?q=35.40498213138372,8.100629186509849",,"35.40498213138372,8.100629186509849",Tébessa,12,Tébessa
yalidine,120301,Agence Cheria Tébessa [Guepex],رقم 10مكرر التحصيص البلدي رقم 02,"https://maps.google.com/?q=35.27905616702475,7.757957548028531",,"35.27905616702475,7.757957548028531",Cheria,12,Tébessa
yalidine,130101,Agence de Tlemcen (Bel-Air) [Guepex],Quartier Mohammed 05- BEL-AIR,"https://maps.google.com/?q=34.87551290379688,-1.3211592999999997",,"34.87551290379688,-1.3211592999999997",Tlemcen,13,Tlemcen
yalidine,130103,Agence de Tlemcen (Mansourah) [Yalidine],Boulevard Imama (en face la piscine olympique),"https://maps.google.com/?q=34.88115577405357,-1.332723451208682",,"34.88115577405357,-1.332723451208682",Tlemcen,13,Tlemcen
yalidine,130401,Agence Remchi [Yalidine],Rue Adjedir Mohamed,"https://maps.google.com/?q=35.06107475206156,-1.4348535740830457",,"35.06107475206156,-1.4348535740830457",Remchi,13,Tlemcen
yalidine,132701,Agence de Maghnia [Yalidine],Tafna N°4 Cite Perri,"https://maps.google.com/?q=34.844893260256576,-1.721598911713723",,"34.844893260256576,-1.721598911713723",Maghnia,13,Tlemcen
yalidine,135001,Agence Chetouane [Yalidine],Zone indistruelle,"https://maps.google.com/?q=34.90893882311112,-1.2930467499547136",,"34.90893882311112,-1.2930467499547136",Chetouane,13,Tlemcen
yalidine,143901,Agence de Tiaret [Yalidine],"Rue police Amer, n 161","https://maps.google.com/?q=35.36817378579679,1.3328889101032386",,"35.36817378579679,1.3328889101032386",Tiaret,14,Tiaret
yalidine,150101,Agence de Bekkar [Guepex],Cite Bekkar Classe 78 Propriete Groupe 137 (En Face Placette),"https://maps.google.com/?q=36.70517616666733,4.058703310312472",,"36.70517616666733,4.058703310312472",Tizi Ouzou,15,Tizi Ouzou
yalidine,150102,Agence de Nouvelle Ville [Yalidine],Nouvelle ville,"https://maps.google.com/?q=36.69298682328048,4.051372364416736",,"36.69298682328048,4.051372364416736",Tizi Ouzou,15,Tizi Ouzou
yalidine,151101,Agence de Tizi Gheniff [Guepex],"Rue Fatoum Amar, Rez-De-Chaussee Btm 17, N° 02","https://maps.google.com/?q=36.59031892958808,3.7745891447025954",,"36.59031892958808,3.7745891447025954",Tizi Gheniff,15,Tizi Ouzou
yalidine,151801,Agence de Azazga [Yalidine],"01 Rue Djurdjura, Immeuble Ait Amara (Dépôt)","https://maps.google.com/?q=36.74390989580551,4.367373988328014",,"36.74390989580551,4.367373988328014",Azazga,15,Tizi Ouzou
yalidine,153201,Agence Beni Douala [Yalidine],Beni Douala,"https://maps.google.com/?q=36.61951273368813,4.070628242328079",,"36.61951273368813,4.070628242328079",Beni Douala,15,Tizi Ouzou
yalidine,154701,Agence de Draâ Ben Khedda [Guepex],Touares 01,"https://maps.google.com/?q=36.728128393643594,3.9659861144322925",,"36.728128393643594,3.9659861144322925",Draâ Ben Khedda,15,Tizi Ouzou
yalidine,160101,Sacré-Cœur [Guepex],"116 Didouche Mourad,  Sacre Cœur","https://maps.google.com/?q=36.7635831801555,3.0471151913967005",,"36.7635831801555,3.0471151913967005",Alger Centre,16,Alger
yalidine,160501,Agence de Bab El Oued [Guepex],107 Rue Colonel Lotfi,"https://maps.google.com/?q=36.788921063414854,3.0485394932807495",,"36.788921063414854,3.0485394932807495",Bab El Oued,16,Alger
yalidine,160902,Agence Bir Mourad Rais [EasyAndSpeed],"14 rue des trois, Rue des Frères Bouadou, Bir Mourad Raïs 16005","https://maps.google.com/?q=36.738515044397246,3.0539694576708545",,"36.738515044397246,3.0539694576708545",Bir Mourad Raïs,16,Alger
yalidine,161201,Agence de Birkhadem [Yalidine],Cite Vergers Villa N°1,"https://maps.google.com/?q=36.728714872725824,3.0553242452285136",,"36.728714872725824,3.0553242452285136",Birkhadem,16,Alger
yalidine,161401,Agence de Baraki [Guepex],Route de Larbâa (à coté de la supérette Promo+),"https://maps.google.com/?q=36.665013766367615,3.091836877210686",,"36.665013766367615,3.091836877210686",Baraki,16,Alger
yalidine,161503,Agence El Harrach (Beaulieu) [WeCanServices],128 RUE BOUBAGHLA Lot 08 GPE MTE N°229 Lot N°02 RDC (BEAULIEU - OUED SEMAR),"https://maps.google.com/?q=36.71195511661799,3.1575034000000004",,"36.71195511661799,3.1575034000000004",Oued Smar,16,Alger
yalidine,161601,Agence Bachdjerrah [WeCanServices],"Bachdjerrah 3 derrière l’ancien APC, à environ 80 mètres du métro","https://maps.google.com/?q=36.71901560003096,3.109847971163656",,"36.71901560003096,3.109847971163656",Bachdjerrah,16,Alger
yalidine,161701,Hussein Dey [Yalidine],Route Tripoli N°152,"https://maps.google.com/?q=36.73593184624371,3.117008726064961",,"36.73593184624371,3.117008726064961",Hussein Dey,16,Alger
yalidine,162003,Agence d'El Hamiz [EasyAndSpeed],"Cité les orangers Groupe A villa N°431, El Hamiz (en face le stade)","https://maps.google.com/?q=36.724635189426365,3.2386747288555875",,"36.724635189426365,3.2386747288555875",Dar El Beïda,16,Alger
yalidine,162102,Agence Bab Ezzouar [Yalitec],EPLF - BAB EZZOUAR,"https://maps.google.com/?q=36.720456069053455,3.1842058696201057",,"36.720456069053455,3.1842058696201057",Bab Ezzouar,16,Alger
yalidine,163001,Agence de Bordj El Kiffan [Yalidine],Rue 1Er Novembre 26 Cite Mimouni N 04,"https://maps.google.com/?q=36.74863150288901,3.20052947265849",,"36.74863150288901,3.20052947265849",Bordj El Kiffan,16,Alger
yalidine,163302,Agence Les Eucalyptus [Zimou-Express],"Rue Les Eucalyptus, N°56, palais rouge","https://maps.google.com/?q=36.66934276333799,3.151980839588873",,"36.66934276333799,3.151980839588873",Les Eucalyptus,16,Alger
yalidine,163401,Agence de Birtouta [Guepex],06 rue El Moudjahid Hamida Mouhamed (à côté de Supermarquet Saadi),"https://maps.google.com/?q=36.645369231973724,3.0043017206575358",,"36.645369231973724,3.0043017206575358",Birtouta,16,Alger
yalidine,163901,Agence Bordj El Bahri (Café Chergui) [Yalidine],"Groupe de propriété n°3065, section 02, rez-de-chaussée, commune de Bordj El Bahri, wilaya d'Alger","https://maps.google.com/?q=36.780248835053634,3.249505410050749",,"36.780248835053634,3.249505410050749",Bordj El Bahri,16,Alger
yalidine,164201,Agence de Rouiba [Zimou-Express],Rue Hassiba Ben Bouali (chemin polyclinique),"https://maps.google.com/?q=36.73755329601874,3.280255195985044",,"36.73755329601874,3.280255195985044",Rouïba,16,Alger
yalidine,164301,Agence de DNC [Yalidine],"Cité El Ouancharis, DNC, Route de Ain Taya (En face Société générale)","https://maps.google.com/?q=36.74734575091702,3.3423594000001984",,"36.74734575091702,3.3423594000001984",Reghaïa,16,Alger
yalidine,164401,Agence de Aïn Benian [Guepex],"19 Route Al-Jamilah, Division Kargon","https://maps.google.com/?q=36.80041848415821,2.9025755690190453",,"36.80041848415821,2.9025755690190453",Aïn Benian,16,Alger
yalidine,164601,Agence de Zeralda [Guepex],"Local Commercial Rez De Chausser , Cite Yesswel Kouider N°01","https://maps.google.com/?q=36.71270234813457,2.8343161757238713",,"36.71270234813457,2.8343161757238713",Zeralda,16,Alger
yalidine,164701,Agence de Sidi Abdellah [Zimou-Express],"Cité 1400 local C6 Bt C6 sidi Abdallah, Alger ","https://maps.google.com/?q=36.68484547063526,2.8518868625192098",,"36.68484547063526,2.8518868625192098",Mahelma,16,Alger
yalidine,165001,Dar Diaf [Yalidine],Dar Diaf (à Côté De La Supérette Sedda),"https://maps.google.com/?q=36.76825125970716,2.964346070388397",,"36.76825125970716,2.964346070388397",Cheraga,16,Alger
yalidine,165002,HUB CHERAGA (PLATEAU) [Yalidine],10 Rue Ain benian partie 192 c2 Cheraga,"https://maps.google.com/?q=36.77458263742349,2.954507842328247",,"36.77458263742349,2.954507842328247",Cheraga,16,Alger
yalidine,165101,Agence de Ouled Fayet [Guepex],19 route du stade communal,"https://maps.google.com/?q=36.731778405827896,2.9569217546192674",,"36.731778405827896,2.9569217546192674",Ouled Fayet,16,Alger
yalidine,165301,Agence de Draria [Guepex],"Cite Darbush 145, Habitation 400, Batiment 2","https://maps.google.com/?q=36.72112076655928,2.9899307253169414",,"36.72112076655928,2.9899307253169414",Draria,16,Alger
yalidine,170501,Agence de Aïn Oussara [Yalidine],"Cité Mohamed Boudiaf (rue en face la BNA, à coté de douche Rebhi)","https://maps.google.com/?q=35.44999644877334,2.9044317099914543",,"35.44999644877334,2.9044317099914543",Aïn Oussara,17,Djelfa
yalidine,171401,Agence de Djelfa [Yalidine],"Cité Boutrifis, route de Boussaâda, lotissement 137 N 06 Immeuble Djouaf Ameur","https://maps.google.com/?q=34.6810443367391,3.277842246383707",,"34.6810443367391,3.277842246383707",Djelfa,17,Djelfa
yalidine,180101,Agence de Jijel [Yalidine],Village Mustapha RDC ROUTE SOUMMAM N°24,"https://maps.google.com/?q=36.82170292619886,5.758994169977939",,"36.82170292619886,5.758994169977939",Jijel,18,Jijel
yalidine,180501,Agence de Taher [Guepex],"Immeuble Des Bailleurs, Section 58, Groupement De Propriete N°111, Quartier Zemouch","https://maps.google.com/?q=36.77014887982159,5.8945063102513835",,"36.77014887982159,5.8945063102513835",Taher,18,Jijel
yalidine,180901,Agence de El Milia [Guepex],Rue Boulakirba Zidane,"https://maps.google.com/?q=36.74812705604037,6.27440627114814",,"36.74812705604037,6.27440627114814",El Milia,18,Jijel
yalidine,181401,Agence Kaous (Jijel) [Yalidine],"Cité Amoura Messouad N°02 Commune Kaous,Jijel","https://maps.google.com/?q=36.77631535560025,5.8116844576712765",,"36.77631535560025,5.8116844576712765",Kaous,18,Jijel
yalidine,190701,Agence de Aïn Oulmene [Guepex],"Cite 113, Immeuble Residentiel 63, Batiment 1 Rez-De-Chaussee, Entree 3","https://maps.google.com/?q=35.917576158809716,5.292095298694284",,"35.917576158809716,5.292095298694284",Aïn Oulmene,19,Sétif
yalidine,192601,Agence de Bougaa [Guepex],Rue Mohamed Chinoune,"https://maps.google.com/?q=36.33332614477243,5.0910191674128775",,"36.33332614477243,5.0910191674128775",Bougaa,19,Sétif
yalidine,193202,Desk El Eulma [Yalidine],"Rue Abdelaziz Khaled, n°119 (à côté du hôtel El Bez)","https://maps.google.com/?q=36.15225059777369,5.695548728857927",,"36.15225059777369,5.695548728857927",El Eulma,19,Sétif
yalidine,193203,Agence El Eulma Cité Sonatrach Smara S [Easy&amp;Speed],"Smara Sud, Section 14, Bloc n° 82+, Logement Participatif n° 06, Commune de El Eulma","https://maps.google.com/?q=36.15150000000002,5.667",,"36.15150000000002,5.667",El Eulma,19,Sétif
yalidine,195501,Agence Maabouda [Yalidine],"Cite D'Al-Ma'Bouda, Escalier 1 Du Batiment B Section 203 Groupe 77 Parcelle 5","https://maps.google.com/?q=36.18965846309601,5.391857886372733",,"36.18965846309601,5.391857886372733",Sétif,19,Sétif
yalidine,195502,Agence El Hidhab [Guepex],"Cité El Hidhab, 110 Logements Participatifs, Bâtiment B, Classe 71","https://maps.google.com/?q=36.21033727296476,5.445401329161286",,"36.21033727296476,5.445401329161286",Sétif,19,Sétif
yalidine,201101,Agence de Saïda [Yalidine],cité Riadh (à coté de la mosquée Riadh),"https://maps.google.com/?q=34.84330195332345,0.15648539493396532",,"34.84330195332345,0.15648539493396532",Saïda,20,Saïda
yalidine,210501,Agence de Azzaba [Guepex],Enseigne Cite Za'Af Rabeh,"https://maps.google.com/?q=36.73820784300283,7.103309891478236",,"36.73820784300283,7.103309891478236",Azzaba,21,Skikda
yalidine,211401,Agence de Collo [Guepex],Boulevard  Ruwaibah Taher,"https://maps.google.com/?q=37.00947083691242,6.56541830758666",,"37.00947083691242,6.56541830758666",Collo,21,Skikda
yalidine,211801,Agence de El Harrouch [Guepex],Cite 24 Logements Sociaux Covalent Sonatiba,"https://maps.google.com/?q=36.652696909280046,6.842743529091004",,"36.652696909280046,6.842743529091004",El Harrouch,21,Skikda
yalidine,213501,Centre de tri et Agence Messiouen (Skikda) [Yalidine],30 logement Bt 02 Rue de Chaussée Skikda,"https://maps.google.com/?q=36.85877780359665,6.8959575386774015",,"36.85877780359665,6.8959575386774015",Skikda,21,Skikda
yalidine,213502,Nouvelle Agence Skikda L'espérance [Yalidine],"Rue El Reboua El Djamila, partie N°01 rez-de-chaussée","https://maps.google.com/?q=36.873354511972565,6.904929615263629",,"36.873354511972565,6.904929615263629",Skikda,21,Skikda
yalidine,213503,Agence de Skikda Faubourg [Guepex],Rue Bachir BOUKADOUM BT 06 local N° 1,"https://maps.google.com/?q=36.86915957909143,6.907464813490152",,"36.86915957909143,6.907464813490152",Skikda,21,Skikda
yalidine,223601,Agence Sidi Bel Abbès [Yalidine],"Rue Mascara, (à cote de l'hotel Beni Talla), Sidi Bel Abbès","https://maps.google.com/?q=35.18434154452605,-0.6141983368596451",,"35.18434154452605,-0.6141983368596451",Sidi Bel Abbes,22,Sidi Bel Abbès
yalidine,223602,Agence Sidi Bel Abbès (Benhamouda) [Guepex],"Benhamouda, (Monté Sogral avant la mosquée El Safaa), Sidi Bel Abbès","https://maps.google.com/?q=35.22229568347109,-0.6257365146791259",,"35.22229568347109,-0.6257365146791259",Sidi Bel Abbes,22,Sidi Bel Abbès
yalidine,230101,Agence de Valmascort [Yalidine],Avenue Seddik Benyahia Résidence * Fadi el Djamal *,"https://maps.google.com/?q=36.917000917596404,7.7527438280073016",,"36.917000917596404,7.7527438280073016",Annaba,23,Annaba
yalidine,230102,Agence de Sidi Brahim [Guepex],Champs de mars numéro n°3,"https://maps.google.com/?q=36.89262144958703,7.752825084569422",,"36.89262144958703,7.752825084569422",Annaba,23,Annaba
yalidine,230103,Agence Sidi Achour GHANZOH EXPRESS By Yalidine,"إقامة المنظر الجميل, Rte de Sidi Achour, Annaba","https://maps.google.com/?q=36.885157221183945,7.71491466148644",,"36.885157221183945,7.71491466148644",Annaba,23,Annaba
yalidine,230501,Agence de El Bouni [Guepex],Section 1 Groupe 63 Propriete 246,"https://maps.google.com/?q=36.85634274671219,7.7483953860755985",,"36.85634274671219,7.7483953860755985",El Bouni,23,Annaba
yalidine,241901,Nouvelle Agence Guelma [Yalidine],"route Ain Larbi, local N°01","https://maps.google.com/?q=36.45597784442608,7.426379566015017",,"36.45597784442608,7.426379566015017",Guelma,24,Guelma
yalidine,243001,Agence de Oued Zenati [Guepex],Magasin Num 02,"https://maps.google.com/?q=36.30792321013235,7.160464035448827",,"36.30792321013235,7.160464035448827",Oued Zenati,24,Guelma
yalidine,250401,Agence Belle Vue [Yalidine],"70 Rue Belle Vue, Les Combattants (Ancienne Ville)","https://maps.google.com/?q=36.3529999173718,6.608103735250445",,"36.3529999173718,6.608103735250445",Constantine,25,Constantine
yalidine,250402,Agence Sidi Mabrouk [Guepex],نهج لعراقب احمد رقم 09,"https://maps.google.com/?q=36.36117011786894,6.636566271164361",,"36.36117011786894,6.636566271164361",Constantine,25,Constantine
yalidine,250403,Agence de Constantine Zouaghi [Zimou Express],"Illot N°01 , 212, ain el bay, zouaghi, Constantine ","https://maps.google.com/?q=36.31233464226101,6.625446226981942",,"36.31233464226101,6.625446226981942",Constantine,25,Constantine
yalidine,250501,Agence de Didouche Mourad [Yalidine],El Riadh n°10,"https://maps.google.com/?q=36.44833167015881,6.630756215108476",,"36.44833167015881,6.630756215108476",Didouche Mourad,25,Constantine
yalidine,250601,Agence d'El Khroub [Guepex],Cité Bouhali Mohamed Said El Khroub,"https://maps.google.com/?q=36.264496940142756,6.689403542328722",,"36.264496940142756,6.689403542328722",El Khroub,25,Constantine
yalidine,250602,Agence Nouvelle ville Ali Mendjeli [Yalidine],"Zone d'Activité N°47 Nouvelle Ville, Ali MENDJLI","https://maps.google.com/?q=36.25992159231852,6.593449177806023",,"36.25992159231852,6.593449177806023",El Khroub,25,Constantine
yalidine,250605,Agence Nouvelle Ville [Guepex],650 lpa عمارة 24 زاوية محل 145,"https://maps.google.com/?q=36.22914576332777,6.5751325423287215",,"36.22914576332777,6.5751325423287215",El Khroub,25,Constantine
yalidine,260701,Agence Médéa (Beni Slimane) [Yalidine],مجموعة ملكية رقم 44 قسم 44 بالتجزئة 55 حصة بني سليمان,"https://maps.google.com/?q=36.228267439084156,3.310825256843856",,"36.228267439084156,3.310825256843856",Beni Slimane,26,Médéa
yalidine,263301,Agence de Médéa (El Koutab) [Yalidine],Hai El Koutab Médéa (En face boutique Dyelna Shop),"https://maps.google.com/?q=36.275393392468935,2.7702085400567786",,"36.275393392468935,2.7702085400567786",Médéa,26,Médéa
yalidine,263302,Agence de Médéa (Pole Urbain) [Guepex],Cité 80 Logs LSP Pole Urbain (à coté de la station de service Benhafri),"https://maps.google.com/?q=36.267663838556054,2.7906953509033734",,"36.267663838556054,2.7906953509033734",Médéa,26,Médéa
yalidine,265901,Agence Tablat [Yalidine],"Rue Nationale N:08, Tablat, Médéa.","https://maps.google.com/?q=36.40665669612093,3.3224722",,"36.40665669612093,3.3224722",Tablat,26,Médéa
yalidine,271801,Salamandre [Yalidine],Salamandre (Rond Point De La Douane),"https://maps.google.com/?q=35.9213552114013,0.07318708477898198",,"35.9213552114013,0.07318708477898198",Mostaganem,27,Mostaganem
yalidine,271802,Kharouba [Guepex],Cité 600 logement Kharouba Mostaganem,"https://maps.google.com/?q=35.975042654997694,0.10676934149873608",,"35.975042654997694,0.10676934149873608",Mostaganem,27,Mostaganem
yalidine,281001,Agence de Berhoum [Guepex],محل رقم 03 مجموعة ملكية 333 قسم 02 حي زيغود يوسف بلدية برهوم,"https://maps.google.com/?q=35.65709385298696,5.030348826732219",,"35.65709385298696,5.030348826732219",Berhoum,28,M'Sila
yalidine,281201,Agence de Bou Saâda [Yalidine],Cite 20 Aout 636/N°05 A,"https://maps.google.com/?q=35.22031324045397,4.178352103974209",,"35.22031324045397,4.178352103974209",Bou Saâda,28,M'Sila
yalidine,282802,Agence Salem Shopping Mall [Yalidine],"Salem Shopping Mall, centre commercial (en face la daïra)","https://maps.google.com/?q=35.711826195939764,4.533467813415232",,"35.711826195939764,4.533467813415232",M'Sila,28,M'Sila
yalidine,283901,Agence Sidi Aïssa [Guepex],بلدية سيدي عيسى E03 محل 07 حي الوئام المدني مجموعة ملكية 05 قسم 46 عمارة,"https://maps.google.com/?q=35.872334331109606,3.7830036541912944",,"35.872334331109606,3.7830036541912944",Sidi Aïssa,28,M'Sila
yalidine,292801,Agence de Mascara [Yalidine],zone 08 a coté de la poste Emir Abdelkader,"https://maps.google.com/?q=35.401212227438585,0.1493982676612564",,"35.401212227438585,0.1493982676612564",Mascara,29,Mascara
yalidine,300801,Agence de Hassi Messaoud [Yalidine],"Derrière la CNAS, à coté de la clinique Ibn Sina","https://maps.google.com/?q=31.688989360431812,6.068568678310962",,"31.688989360431812,6.068568678310962",Hassi Messaoud,30,Ouargla
yalidine,301301,Agence de Ouargla Centre Ville [Guepex],حي حركات,"https://maps.google.com/?q=31.96296665406084,5.324182871163383",,"31.96296665406084,5.324182871163383",Ouargla,30,Ouargla
yalidine,301302,Agence de Ouargla (Chetti el Wekal) [Yalidine],"Ave 1er novembre 1954, El Mkhadma, (Arrêt de tram Chatte El Wakla)","https://maps.google.com/?q=31.942699293799976,5.312770721210608",,"31.942699293799976,5.312770721210608",Ouargla,30,Ouargla
yalidine,310102,Cité Djamel [Guepex],Rond-point cité Djamel (en allant vers Hai Sabah),"https://maps.google.com/?q=35.69672884038709,-0.6024611501953713",,"35.69672884038709,-0.6024611501953713",Oran,31,Oran
yalidine,310103,Agence de Gambetta [Zimou-Express],"54 avenue d'arcole, Bouguerri Khelifa, Gambetta","https://maps.google.com/?q=35.70584160555386,-0.6116408828756563",,"35.70584160555386,-0.6116408828756563",Oran,31,Oran
yalidine,310301,El Morchid [Yalidine],Cooperative Immobiliere Dar El Amel N°68,"https://maps.google.com/?q=35.710492588656976,-0.5869307488573879",,"35.710492588656976,-0.5869307488573879",Bir El Djir,31,Oran
yalidine,310302,Agence Fernand Ville [Yalidine],"65 Rue 1er Novembre Hai Khemisti ,part 4 (Mosquée el kods)","https://maps.google.com/?q=35.730398307760176,-0.5790437244693557",,"35.730398307760176,-0.5790437244693557",Bir El Djir,31,Oran
yalidine,310303,Agence ILAF Belkaïd Oran [EasyAndSpeed],Groupe 122 Logement - résidence ILAF Belkaïd,"https://maps.google.com/?q=35.74383317481581,-0.5439541698194157",,"35.74383317481581,-0.5439541698194157",Bir El Djir,31,Oran
yalidine,310601,Agence de Arzew [Guepex], 17 Lotissement N 66 Plan Lot 167,"https://maps.google.com/?q=35.84733672313886,-0.31784657704458",,"35.84733672313886,-0.31784657704458",Arzew,31,Oran
yalidine,320101,Agence de El Bayadh [Yalidine],Rue Mohamed Touil (A Cote Auberge Hanna),"https://maps.google.com/?q=33.68182465412115,1.0147081430506253",,"33.68182465412115,1.0147081430506253",El Bayadh,32,El Bayadh
yalidine,330101,Agence de Illizi [Guepex],Chemin Ain El Kours Cite Salam,"https://maps.google.com/?q=26.506170413905355,8.489622372352972",,"26.506170413905355,8.489622372352972",Illizi,33,Illizi
yalidine,330601,Agence In Amenas [Guepex],القسم 12 مجموعة ملكية 56-342 مسكن بلدية ان اميناس,"https://maps.google.com/?q=28.050180003262113,9.578835500000002",,"28.050180003262113,9.578835500000002",In Amenas,33,Illizi
yalidine,340601,Agence BBA [Yalidine],Cite 17 octobre rue ameur tahar N°5,"https://maps.google.com/?q=36.06645344498292,4.769203684656494",,"36.06645344498292,4.769203684656494",Bordj Bou Arreridj,34,Bordj Bou Arreridj
yalidine,340603,Agence BBA Nouveau Lycée [Guepex],محلات تجارية الطيب خيرة قسم 118 مم 66 بورج بوعريريج 0,"https://maps.google.com/?q=36.06763941313039,4.751931084654626",,"36.06763941313039,4.751931084654626",Bordj Bou Arreridj,34,Bordj Bou Arreridj
yalidine,350101,Agence de Boumerdès [Yalidine],Cité Foés bâtiment B local N°04,"https://maps.google.com/?q=36.75100407593048,3.457471537963522",,"36.75100407593048,3.457471537963522",Boumerdes,35,Boumerdès
yalidine,350201,Agence Boudouaou [Guepex],مشروع 36 مسكن ترقوي اجتماعي عمارة ا حصة 13 طابق ارضي بن عجال بودواو ولاية بومرداس,"https://maps.google.com/?q=36.7364177711616,3.3991148600692713",,"36.7364177711616,3.3991148600692713",Boudouaou,35,Boumerdès
yalidine,350501,Agence de Bordj Menaiel [Guepex],"Rue Bouira Boualem, Section 02 Magasin 02","https://maps.google.com/?q=36.73815152136307,3.7220183039667347",,"36.73815152136307,3.7220183039667347",Bordj Menaiel,35,Boumerdès
yalidine,353601,Agence Hammedi [WeCanServices],hammedi centre ville,"https://maps.google.com/?q=36.67993548309194,3.2586671865098484",,"36.67993548309194,3.2586671865098484",Hammedi,35,Boumerdès
yalidine,361301,Agence Dréan El Tarf [Yalidine],Rue lmzaouda al-arbi el dréan,"https://maps.google.com/?q=36.684014174423325,7.748788786509849",,"36.684014174423325,7.748788786509849",Dréan,36,El Tarf
yalidine,361701,Agence de El Tarf [Yalidine],Rue N°44 Cite Les Vergers,"https://maps.google.com/?q=36.7670884594558,8.308140442356349",,"36.7670884594558,8.308140442356349",El Tarf,36,El Tarf
yalidine,370201,Agence de Tindouf [Yalidine],Cites Moussani (A Cote De La Radio),"https://maps.google.com/?q=27.66861750577877,-8.142957799721954",,"27.66861750577877,-8.142957799721954",Tindouf,37,Tindouf
yalidine,382101,Agence de Tissemsilt [Yalidine],Rue Bouis Ali Num 33  B Section 067 Groupe De Propriete 048,"https://maps.google.com/?q=35.60941808703387,1.8098678288304073",,"35.60941808703387,1.8098678288304073",Tissemsilt,38,Tissemsilt
yalidine,390101,Agence de El Oued [Yalidine],Cite El Moudjahidine (en face Pharmacie Daghoum),"https://maps.google.com/?q=33.35200172931514,6.853196485244896",,"33.35200172931514,6.853196485244896",El Oued,39,El Oued
yalidine,401302,Agence route de Meskiana [Yalidine],Route de Meskiana N°30 lot 66 Khenchela,"https://maps.google.com/?q=35.43154087131633,7.150444186509847",,"35.43154087131633,7.150444186509847",Khenchela,40,Khenchela
yalidine,410101,Agence de Souk Ahras [Yalidine],Cité El Louz Lot 64 (les amandiers),"https://maps.google.com/?q=36.27400574751086,7.954879870917144",,"36.27400574751086,7.954879870917144",Souk Ahras,41,Souk Ahras
yalidine,420101,Agence Tipaza [Yalidine],24 cite M'hamed Bougara (El Garari),"https://maps.google.com/?q=36.5878925852878,2.439693415722701",,"36.5878925852878,2.439693415722701",Tipaza,42,Tipaza
yalidine,421201,Agence Hadjout (Rue de stade) [EasyAndSpeed],"Rue de stade RDC Hadjout, Tipaza","https://maps.google.com/?q=36.516211255024885,2.4099873153425557",,"36.516211255024885,2.4099873153425557",Hadjout,42,Tipaza
yalidine,422201,Agence Cherchell [Guepex],N°05 Rue MELHANI ABDERRAHMAN,"https://maps.google.com/?q=36.60585555938602,2.1906684576712783",,"36.60585555938602,2.1906684576712783",Cherchell,42,Tipaza
yalidine,423501,Agence Koléa [Guepex],"Koléa , Lotissement Amara N°1 Route de Fouka (En Face CEM Noureddine Bouguera)","https://maps.google.com/?q=36.64581758047096,2.7600519959998246",,"36.64581758047096,2.7600519959998246",Koléa,42,Tipaza
yalidine,430801,Agence de Chelghoum Laid [Yalidine],"Rue 01 Novembre, A Côté D'Hôtel El Rhumel","https://maps.google.com/?q=36.1590068466165,6.160283164642531",,"36.1590068466165,6.160283164642531",Chelghoum Laid,43,Mila
yalidine,431302,Agence Ferdjioua [Guepex],المحل 01الحصة 04 رقم04 تجزئة التعاونية العقارية الوفاق بلدية فرجيوة,"https://maps.google.com/?q=36.41260899999998,5.9401969999999995",,"36.41260899999998,5.9401969999999995",Ferdjioua,43,Mila
yalidine,431601,Centre de tri Mila [Yalidine],Rue De Zerghia (A Coté Du Point De Vente Iris Et Gam Assurance),"https://maps.google.com/?q=36.45296552261307,6.2564604692148205",,"36.45296552261307,6.2564604692148205",Mila,43,Mila
yalidine,431602,Agence Mila [Yalidine],الطابق الأرضي شارع بن قارة النوار بلدية ميلة,"https://maps.google.com/?q=36.453507370376734,6.26164827116396",,"36.453507370376734,6.26164827116396",Mila,43,Mila
yalidine,440101,Agence de Aïn Defla [Guepex],Cite Khyat Mohammed (L’Arret De La Zone Industrielle En Face La Pompe d'essence),"https://maps.google.com/?q=36.25140783716136,1.9415038000000007",,"36.25140783716136,1.9415038000000007",Aïn Defla,44,Aïn Defla
yalidine,442601,Agence de Khemis Miliana [Guepex],Le Cote Ouest Du Quartier La Cadette Route Nationale,"https://maps.google.com/?q=36.26046455568064,2.202986246810656",,"36.26046455568064,2.202986246810656",Khemis Miliana,44,Aïn Defla
yalidine,450201,Agence de Mecheria [Guepex],"Rue Abdellaoui Mohammed Cité Iben Badis  (Connue Hadj Taleb, Près De Pharmacie Abbad Amina Et École Primaire)","https://maps.google.com/?q=33.54236058678445,-0.28489289145698227",,"33.54236058678445,-0.28489289145698227",Mecheria,45,Naâma
yalidine,460401,Agence de Aïn Témouchent [Yalidine],"Sonne n5/ n 605/ d 228 logements, Hai Zitoun (à coté de la nouvelle agence de transport)","https://maps.google.com/?q=35.31160813323017,-1.1468406674238103",,"35.31160813323017,-1.1468406674238103",Aïn Témouchent,46,Aïn Témouchent
yalidine,460701,Agence de Beni Saf [Guepex],"Cité Sohbi, zone urbaine (en face de la pompe d'essence)","https://maps.google.com/?q=35.30573507836949,-1.3524657019668493",,"35.30573507836949,-1.3524657019668493",Beni Saf,46,Aïn Témouchent
yalidine,470701,Agence de Ghardaïa Thenia [Guepex],Ghardaïa Thenia a coté de lycé mofdi zakaria,"https://maps.google.com/?q=32.51422379314845,3.680928631621788",,"32.51422379314845,3.680928631621788",Ghardaïa,47,Ghardaïa
yalidine,470702,Agence de Bouhraoua [Yalidine],Bouhraoua (En face centre d'exposition),"https://maps.google.com/?q=32.518556971150865,3.6696240790628734",,"32.518556971150865,3.6696240790628734",Ghardaïa,47,Ghardaïa
yalidine,483001,Agence de Relizane [Yalidine],Boulevard 69 Zaghloul (en face la banque d'Algérie),"https://maps.google.com/?q=35.74256254570214,0.5546923698242852",,"35.74256254570214,0.5546923698242852",Relizane,48,Relizane
yalidine,490901,Agence de Timimoun [Yalidine],Rue Mohamed El Hashemi,"https://maps.google.com/?q=29.25928043831401,0.23095582639144044",,"29.25928043831401,0.23095582639144044",Timimoun,49,Timimoun
yalidine,512601,Agence de Ouled Djellal [Yalidine],Rue Gasmi Ibrahim (En Face Ecole Mazen School),"https://maps.google.com/?q=34.43692622498558,5.069068600603627",,"34.43692622498558,5.069068600603627",Ouled Djellal,51,Ouled Djellal
yalidine,530801,Agence de In Salah [Yalidine],Centre ville (à coté de la poste et la maison de jeune),"https://maps.google.com/?q=27.1977485821485,2.4788359630505163",,"27.1977485821485,2.4788359630505163",In Salah,53,In Salah
yalidine,552001,Agence de Touggourt [Yalidine],Cite Rimal 01 (A Cote De La Pharmacie Harkati Route Nationale N°03),"https://maps.google.com/?q=33.10026087453198,6.052441603706706",,"33.10026087453198,6.052441603706706",Touggourt,55,Touggourt
yalidine,560201,Agence de Djanet [Guepex],Tin Khatma,"https://maps.google.com/?q=24.55986182082406,9.481856717098914",,"24.55986182082406,9.481856717098914",Djanet,56,Djanet
yalidine,572701,Agence de El M'Ghair [Yalidine],Lotissement 360 Logements Nouvelle Zone Urbaine,"https://maps.google.com/?q=33.95575864498291,5.908902723517538",,"33.95575864498291,5.908902723517538",El M'Ghair,57,El M'Ghair
yalidine,572801,Agence de Djamaa [Guepex],Cite Essalam (A Cote Du Clinique Douaa),"https://maps.google.com/?q=33.53384327436235,5.983139975719593",,"33.53384327436235,5.983139975719593",Djamaa,57,El M'Ghair
yalidine,580601,Agence de El Menia [Yalidine],Route Unite Africaine,"https://maps.google.com/?q=30.578857742061352,2.8802528030169148",,"30.578857742061352,2.8802528030169148",El Menia,58,El Menia
zr express,ee77ffe4-19bf-4e34-9435-01a4b7670b7a,Delivery Hub (ZR) Adrar (01),"Cité 140 Logements, Adrar, Adrar","https://maps.google.com/?q=27.879788236205265,-0.283249318599701",+213661110053 - +213661110053,"27.879788236205265,-0.283249318599701",Adrar,1,Adrar
zr express,77aea009-96a2-4a42-b786-01b208a20294,Delivery Hub (ZR) El Oued (39),"نــهـــــج الشهيد العمامرة البشير, El-Oued, El Oued","https://maps.google.com/?q=33.357753498689505,6.854425370693207",+213791699902 - +213660977078,"33.357753498689505,6.854425370693207",El-Oued,39,El Oued
zr express,bed0e06d-d4af-4fa4-809e-0bc8d0ff9213,Delivery Hub (ZR) Bouira (10),"Tasdawit Akli Muḥen Ulḥaǧ, Bouira, Bouira","https://maps.google.com/?q=36.380634762184044,3.8942456245422368",+213550372615 - +213770381812,"36.380634762184044,3.8942456245422368",Bouira,10,Bouira
zr express,376ea7e4-a89c-4ebb-96d4-0e0720244b4a,Delivery Hub (ZR) Taher (18),"شارع المجاهدين, Taher, Jijel","https://maps.google.com/?q=36.77162703553023,5.897354185581208",+213770367618 - +213670423204,"36.77162703553023,5.897354185581208",Taher,18,Jijel
zr express,dfdd69b1-9209-4c22-a451-0fcfa12afade,Delivery Hub (ZR) Saida (20),"Cité Ennasr, Saida, Saida","https://maps.google.com/?q=34.846346358500675,0.15026271343231204",+213795271265 - +213770808791,"34.846346358500675,0.15026271343231204",Saida,20,Saida
zr express,774f0116-43a5-4dc5-a878-11b8b4eb1380,Delivery Hub (ZR) Birkhadem (16),"El malha, Birkhadem, Alger","https://maps.google.com/?q=36.715251677345535,3.0493068695068364",+213770601836 - +213770780610,"36.715251677345535,3.0493068695068364",Birkhadem,16,Alger
zr express,77c20585-fc73-44f7-91bc-11f11e4a3689,Delivery Hub (ZR) Dellys (35),"RN 24, Dellys, Boumerdes","https://maps.google.com/?q=36.91389687990074,3.912426004842212",+213551904529 - +213775184998,"36.91389687990074,3.912426004842212",Dellys,35,Boumerdes
zr express,d17c6a44-c53c-4c2e-a489-219b1212aecd,Sorting Center (ZR) Tlemcen (13),"Mansourah, Mansourah, Tlemcen","https://maps.google.com/?q=34.874391255228524,-1.32902333862049",+213770396954 - +213770396954,"34.874391255228524,-1.32902333862049",Mansourah,13,Tlemcen
zr express,2f6c55b5-c104-43cf-a334-230a5f798ab1,Delivery Hub (ZR) Guelma (24),"Bourdjiba, Guelma, Guelma","https://maps.google.com/?q=36.46412788373758,7.4299389123916635",+213791482266 - +213791616769,"36.46412788373758,7.4299389123916635",Guelma,24,Guelma
zr express,456252e7-2937-423f-81a9-250bf42a7c8c,Delivery Hub (ZR) El Eulma (19),"Rue Sakhri Ali, El Eulma, Setif","https://maps.google.com/?q=36.15671338076501,5.693889856338502",+213770788097 - +213770339975,"36.15671338076501,5.693889856338502",El Eulma,19,Setif
zr express,bae46801-7d74-407c-af40-25f47bbbfd1b,Delivery Hub (ZR) Ouargla (30),"Cité 24 février, Ouargla, Ouargla","https://maps.google.com/?q=31.95644496234563,5.331941843032838",+213770612103 - +213770612103,"31.95644496234563,5.331941843032838",Ouargla,30,Ouargla
zr express,9e9f8b08-b795-447d-90e8-274932a8249f,Delivery Hub (ZR) In Salah (53),"ain salah, Ain Salah, In Salah","https://maps.google.com/?q=27.199995316814995,2.4806257321418816",+213770994803,"27.199995316814995,2.4806257321418816",Ain Salah,53,In Salah
zr express,88c60774-4f10-46f1-8615-2992d4d8b1f0,Delivery Hub (ZR) Reghaia (16),"Avenue du 1er novembre 1954, Reghaia, Alger","https://maps.google.com/?q=36.73898400618952,3.3424428105354314",+213770197298 - +213799575715,"36.73898400618952,3.3424428105354314",Reghaia,16,Alger
zr express,f1d6e8c1-b444-4ef7-ad10-3332d57d6be8,Delivery Hub (ZR) Touggourt (55),"Cité Remal, Touggourt, Touggourt","https://maps.google.com/?q=33.10265182386641,6.063715517520905",+213795815886 - +213660977085,"33.10265182386641,6.063715517520905",Touggourt,30,Touggourt
zr express,6fcf546e-6e1e-4aee-8dd0-349bbf7ac6e6,Delivery Hub (ZR) Kouba (16),"Avenue Bag Mohamed, Kouba, Alger","https://maps.google.com/?q=36.725314624526085,3.090060807301294",+213660565382,"36.725314624526085,3.090060807301294",Kouba,16,Alger
zr express,7f004167-a914-4bc2-a94d-399d28796196,Delivery Hub (ZR) Ghardaia (47),"Quartier Hadj Messaoud, Ghardaia, Ghardaia","https://maps.google.com/?q=32.48617706593118,3.680583536624909",+213770505018 - +213774728101,"32.48617706593118,3.680583536624909",Ghardaia,47,Ghardaia
zr express,4036dfe9-e7ae-45c7-998a-3ad1f3590198,Sorting Center (ZR) Boumerdes (35),"Cité Ibn Khaldoun (1200 lgts), Boumerdes, Boumerdes","https://maps.google.com/?q=36.75672772078077,3.4657600522041325",+213773749899 - +213783395668,"36.75672772078077,3.4657600522041325",Boumerdes,35,Boumerdes
zr express,41a035e6-182c-425d-b18d-3b292cdb4f19,Delivery Hub (ZR) Annaba (23),"Rue Baraki Khemiss, Annaba, Annaba","https://maps.google.com/?q=36.90313361041688,7.754153609275819",+213770350790 - +213796369689,"36.90313361041688,7.754153609275819",Annaba,23,Annaba
zr express,23645333-674f-4b9f-b833-3bc1f21345e0,Delivery Hub (ZR) El Morchid (31),"Rue Louafi Mohamed, Oran, Oran","https://maps.google.com/?q=35.687321412589455,-0.6446957588195802",+213770395200 - +213770748302,"35.687321412589455,-0.6446957588195802",Oran,31,Oran
zr express,6f22bad5-93b1-4adc-8b8b-3e9ea447ae49,Delivery Hub (ZR) Bordj Menaiel (35),"Rue Khettab Amar, Bordj Menaiel, Boumerdes","https://maps.google.com/?q=36.74608213214076,3.72037947177887",+213775067289 - +213553161789,"36.74608213214076,3.72037947177887",Bordj Menaiel,35,Boumerdes
zr express,e975de4b-55a9-4f46-8a0b-3f44f9cc606a,Delivery Hub (ZR) Blida (09),"Bab Dzair, Blida, Blida","https://maps.google.com/?q=36.47105520226533,2.8277859091758732",+213656935847,"36.47105520226533,2.8277859091758732",Blida,9,Blida
zr express,381ec9c7-b9b3-40ca-aed2-3faf72e66a02,Sorting Center (ZR) Annaba (23),"Avenue Colonel Amirouche, Annaba, Annaba","https://maps.google.com/?q=36.90452546049348,7.745758295059205",+213770350790 - +213655455784,"36.90452546049348,7.745758295059205",Annaba,23,Annaba
zr express,03f347ec-466e-4421-943b-418b92aa121f,Delivery Hub (ZR) In Guezzam (54),"TAH 2, Ain Guezzam, In Guezzam","https://maps.google.com/?q=19.576488174879934,5.7701562867083265",+213770533214,"19.576488174879934,5.7701562867083265",Ain Guezzam,11,In Guezzam
zr express,d3f40abe-b020-4781-aab2-41a52eb01cc7,Delivery Hub (ZR) Relizane (48),"Boulevard de l'ALN, Relizane, Relizane","https://maps.google.com/?q=35.7334594793587,0.541428029537201",+213770964017 - +213770964059,"35.7334594793587,0.541428029537201",Relizane,48,Relizane
zr express,9c3871c5-8f07-4a07-976d-44ebe70717ab,Delivery Hub (ZR) Menea (58),"el menea, El Meniaa, El Menia","https://maps.google.com/?q=30.582997975458284,2.881272365914312",+213652778396 - +213652778369,"30.582997975458284,2.881272365914312",El Meniaa,47,El Menia
zr express,a6e91702-f9dc-45a6-a76d-45df5b87b0f4,Sorting Center (ZR) Oran (31),"zagheloul, Oran, Oran","https://maps.google.com/?q=35.65015844228451,-0.6241554021835328",+213770395200 - +213770606524,"35.65015844228451,-0.6241554021835328",Oran,31,Oran
zr express,bb45139d-1544-4316-bef9-46ea8a3ecf84,Delivery Hub (ZR) Tamanrasset (11),"Cité Es Salam, Tamanrasset, Tamanrasset","https://maps.google.com/?q=22.780993688836624,5.526155233383179",+213770994257 - +213770994606,"22.780993688836624,5.526155233383179",Tamanrasset,11,Tamanrasset
zr express,200d809f-a4cf-4849-beaa-479121f6a638,Transit Center (ZR) Laghouat (03),"RV95+HWV Laghouat, Laghouat, Laghouat","https://maps.google.com/?q=33.818976,2.859811",+213770386247,"33.818976,2.859811",Laghouat,3,Laghouat
zr express,b32f0bbd-8f42-42a8-ba91-4d328017cebe,Delivery Hub (ZR) Mascara (29),"RN 14, Mascara, Mascara","https://maps.google.com/?q=35.39405694381629,0.14306902885437014",+213555266640 - +213772032302,"35.39405694381629,0.14306902885437014",Mascara,29,Mascara
zr express,614e28bd-76e6-4947-9682-5065bc032726,Delivery Hub (ZR) Baraki (16),"Cité Mardja 3, Baraki, Alger","https://maps.google.com/?q=36.66872213313053,3.0959397554397583",+213770183844 - +213770183844,"36.66872213313053,3.0959397554397583",Baraki,16,Alger
zr express,8293a00e-dcc4-43c4-ba83-517b007b1667,Sorting Center (ZR) Bejaia (06),"Sidi Ali Labhar, Bejaia, Bejaia","https://maps.google.com/?q=36.723815060628446,5.073108673095704",+213698861234 - +213770056769,"36.723815060628446,5.073108673095704",Bejaia,6,Bejaia
zr express,c88f88ed-a846-47ac-b0a1-52857081a846,Delivery Hub (ZR) Batna (05),"Cité 20 août 1956, Batna, Batna","https://maps.google.com/?q=35.549253975212565,6.170078516006471",+213659781234 - +213770555245,"35.549253975212565,6.170078516006471",Batna,5,Batna
zr express,dede6622-90f4-4b25-b27b-54ad88d4af97,Delivery Hub (ZR) Akbou (06),"Boulevard Aïssat Idir, Akbou, Bejaia","https://maps.google.com/?q=36.46025806560947,4.528684616088868",+213770104684 - +213770104578,"36.46025806560947,4.528684616088868",Akbou,6,Bejaia
zr express,60b40b18-380b-46dd-9d80-5975bab545b2,Delivery Hub (ZR) Mouzaia (09),"RN 42, Mouzaia, Blida","https://maps.google.com/?q=36.46639052489821,2.691038846969605",+213774531922 - +213774531922,"36.46639052489821,2.691038846969605",Mouzaia,9,Blida
zr express,15ec1f9a-1cef-428a-b028-5e1a7e1685a6,Delivery Hub (ZR) El Meghaier (57),"el meghaier, El-M'ghaier, El Meghaier","https://maps.google.com/?q=33.952156836088136,5.9164171452020895",+213783070809,"33.952156836088136,5.9164171452020895",El-M'ghaier,39,El Meghaier
zr express,2cf061b2-c846-4939-b70d-6180f5c24a78,Sorting Center (ZR) Tipaza (42),"Tipaza, Tipaza, Tipaza","https://maps.google.com/?q=36.59185448101576,2.448862725798691",+213770316143 - +213770316143,"36.59185448101576,2.448862725798691",Tipaza,42,Tipaza
zr express,05458248-a2b8-473b-8938-6259c68b8c2e,Delivery Hub (ZR) Naama (45),"Cité des 50 Logements, Mecheria, Naama","https://maps.google.com/?q=33.2649681213208,-0.3184452652931214",+213770033923 - +213659269347,"33.2649681213208,-0.3184452652931214",Mecheria,45,Naama
zr express,8bc58d93-d169-4a0a-a02c-650dff80ed26,Delivery Hub (ZR) Souk Ahras (41),"Rue du 27 Janvier 1955, Souk Ahras, Souk Ahras","https://maps.google.com/?q=36.28246717593581,7.951046526432038",+213792270661 - +213795949808,"36.28246717593581,7.951046526432038",Souk Ahras,41,Souk Ahras
zr express,aebfef39-9292-4e28-aa1f-65d274d1f8c1,Delivery Hub (ZR) Ain El Beida (04),"Boulevard 18 Février, Ain Beida, Oum El Bouaghi","https://maps.google.com/?q=35.867673008513826,7.123539447784425",+213698631234 - +213660737474,"35.867673008513826,7.123539447784425",Ain Beida,4,Oum El Bouaghi
zr express,b7d3850a-b400-4554-8e21-68731bb750e2,Delivery Hub (ZR) Laghouat (03),"Cité 101 logements, Laghouat, Laghouat","https://maps.google.com/?q=33.79492332239261,2.8502708673477177",+213674403881 - +213770735683,"33.79492332239261,2.8502708673477177",Laghouat,3,Laghouat
zr express,1c4565c6-d090-4cc9-bbc7-6d775562e3ee,Delivery Hub (ZR) Setif (19),"Cité 600 Logements, Setif, Setif","https://maps.google.com/?q=36.197208905028,5.417171716690064",+213770788097 - +213549664174,"36.197208905028,5.417171716690064",Setif,19,Setif
zr express,869396d4-47bd-41be-8ee4-6eea72f1097a,Delivery Hub (ZR) Zouaghi (25),"Cité Tlemcen Zouaghi Slimane, Constantine, Constantine","https://maps.google.com/?q=36.37111263964435,6.622113883495332",+213770777159 - +213770545305,"36.37111263964435,6.622113883495332",Constantine,25,Constantine
zr express,ca3a013d-2542-4499-80d3-700c2216dd52,Delivery Hub (ZR) Beni Abbes (52),"Beni abbes , Beni-Abbes, Beni Abbes","https://maps.google.com/?q=30.132750873305017,-2.1608331799507146",+213662566702 - +213662566702,"30.132750873305017,-2.1608331799507146",Beni-Abbes,8,Beni Abbes
zr express,fff06f30-bcb1-43f5-86a4-7138b90574e0,Delivery Hub (ZR) Bejaia (06),"Cité Tobal, Bejaia, Bejaia","https://maps.google.com/?q=36.749095441689086,5.068559646606446",+213770104684 - +213770603402,"36.749095441689086,5.068559646606446",Bejaia,6,Bejaia
zr express,d0bd34a1-2d5c-4484-906a-71abc3b38180,Delivery Hub (ZR) Kolea (42),"Route d'Alger, Kolea, Tipaza","https://maps.google.com/?q=36.639490895630466,2.7693137526512146",+213551200459 - +213551200546,"36.639490895630466,2.7693137526512146",Kolea,42,Tipaza
zr express,e98af19c-ba0f-4bbe-9b89-71ae829ec898,Delivery Hub (ZR) Mostaganem (27),"Rue Belbachir Hammou, Mostaganem, Mostaganem","https://maps.google.com/?q=35.92748752438527,0.09411871433258058",+213670269210 - +213676730794,"35.92748752438527,0.09411871433258058",Mostaganem,27,Mostaganem
zr express,9aa9b2ab-180a-4112-acda-752c96304ae6,Delivery Hub (ZR) Bou Saada (28),"Meitar, Bou Saada, MSila","https://maps.google.com/?q=35.20922403826111,4.176033139228822",+213770297855 - +213770191146,"35.20922403826111,4.176033139228822",Bou Saada,28,MSila
zr express,cb2c04b1-c283-4c38-ae86-7d4f708d0f8f,Delivery Hub (ZR) Khenchela (40),"Cité du 1er Novembre 1954, Khenchela, Khenchela","https://maps.google.com/?q=35.428054287809054,7.142411470413209",+213560622325 - +213657794084,"35.428054287809054,7.142411470413209",Khenchela,40,Khenchela
zr express,9e16390f-f2de-43a4-afe0-7def0131647c,Delivery Hub (ZR) Skikda (21),"Avenue Mustapha Ben Boulaid, Skikda, Skikda","https://maps.google.com/?q=36.88174132943308,6.9060900807380685",+213770308809 - +213792435732,"36.88174132943308,6.9060900807380685",Skikda,21,Skikda
zr express,c329abc9-9492-48d0-916f-80cc111eea56,Delivery Hub (ZR) Birtouta (16),"Cité Addeche, Bir Touta, Alger","https://maps.google.com/?q=36.64560141546283,2.9982161521911626",+213770934922 - +213776062654,"36.64560141546283,2.9982161521911626",Bir Touta,16,Alger
zr express,939ef30d-fd39-4f07-a0ba-822842df6ff0,Delivery Hub (ZR) Tlemcen (13),"Bab El Jiad, Tlemcen, Tlemcen","https://maps.google.com/?q=34.881833799545966,-1.3157737255096436",+213660884156 - +213660884156,"34.881833799545966,-1.3157737255096436",Tlemcen,13,Tlemcen
zr express,ebb341ef-93c9-4dab-b9de-9504a066bbcf,Delivery Hub (ZR) El Bouni (23),"Cité 278 logements, El Bouni, Annaba","https://maps.google.com/?q=36.85524061691922,7.7414265275001535",+213770350790 - +213796369689,"36.85524061691922,7.7414265275001535",El Bouni,23,Annaba
zr express,65576b7a-7ebf-40c1-98c3-95c06ea1cfc9,Delivery Hub (ZR) Timimoune (49),"Rue 1er novembre, Timimoun, Timimoun","https://maps.google.com/?q=29.261488293681037,0.22760689258575442",+213658504936 - +213658504936,"29.261488293681037,0.22760689258575442",Timimoun,49,Timimoun
zr express,462a084c-7117-48cd-a6e5-9b5e0742a047,Delivery Hub (ZR) Bougara (09),"RN 29, Bougara, Blida","https://maps.google.com/?q=36.54420708871507,3.0864286422729497",+213771928094 - +213771928094,"36.54420708871507,3.0864286422729497",Bougara,9,Blida
zr express,63681fd2-4545-4376-b2da-9c1679316b10,Delivery Hub (ZR) Tipaza (42),"RN 11, Tipaza, Tipaza","https://maps.google.com/?q=36.58938381015276,2.457753717899323",+213770420724 - +213770200460,"36.58938381015276,2.457753717899323",Tipaza,42,Tipaza
zr express,8b83e69b-623c-476c-b554-9c46576c0e90,Delivery Hub (ZR) Belle Vue (25),"Rue Zouieche Amar, Constantine, Constantine","https://maps.google.com/?q=36.36556202392109,6.6381749510765085",+213770777159 - +213770796022,"36.36556202392109,6.6381749510765085",Constantine,25,Constantine
zr express,875f1a17-0e90-4fb0-b88c-a2c88f99151b,Delivery Hub (ZR) Ouled Fayet (16),"CW 142, Ouled Fayet, Alger","https://maps.google.com/?q=36.74387872659555,2.9489922523498535",+213770072703 - +213770072703,"36.74387872659555,2.9489922523498535",Ouled Fayet,16,Alger
zr express,4c9e6fe9-8894-4bf6-8470-a2f572294bd4,Delivery Hub (ZR) Ain Temouchent (46),"Cité Moulay Sidi Saïd (Ex Dezzan), Ain Temouchent, Ain Temouchent","https://maps.google.com/?q=35.30421831349364,-1.141607165336609",+213770766682 - +213770548878,"35.30421831349364,-1.141607165336609",Ain Temouchent,46,Ain Temouchent
zr express,02b9859e-17be-452a-9158-acdddddea798,Sorting Center (ZR) Chlef (02),"Rue du 20 Août, Chlef, Chlef","https://maps.google.com/?q=36.164063463311095,1.3338088989257815",+213770994634 - +213770186232,"36.164063463311095,1.3338088989257815",Chlef,2,Chlef
zr express,0da58310-7e5b-4825-ab4a-ae3b290894a5,Delivery Hub (ZR) Medea (26),"Rue Kassab Ahmed, Medea, Medea","https://maps.google.com/?q=36.266141206871204,2.766046822071076",+213779460270 - +213781279619,"36.266141206871204,2.766046822071076",Medea,26,Medea
zr express,26163ed5-cfcc-4c89-8171-af6f332f9355,Delivery Hub (ZR) El Jomhoria (16),"W16, Les Eucalyptus, Alger","https://maps.google.com/?q=36.691826765740245,3.241921663284302",+213560270437 - +213560270448,"36.691826765740245,3.241921663284302",Les Eucalyptus,16,Alger
zr express,ffffad6e-4a31-4e05-84da-b16ad26c64b5,Delivery Hub (ZR) Sidi Belabes (22),"Sidi Djilali, Sidi Bel-Abbes, Sidi Bel Abbes","https://maps.google.com/?q=35.21114377348659,-0.6318801641464235",+213773981287 - +213773981287,"35.21114377348659,-0.6318801641464235",Sidi Bel-Abbes,22,Sidi Bel Abbes
zr express,a53e622e-f201-4ea9-a443-b2c1682fadc3,Delivery Hub (ZR) Tenes (02),"Rue Braham Meriem, Tenes, Chlef","https://maps.google.com/?q=36.50778157051652,1.307952404022217",+213770993572 - +213770994562,"36.50778157051652,1.307952404022217",Tenes,2,Chlef
zr express,0c20b799-8b81-41bb-b9a3-b42e786998c7,Delivery Hub (ZR) M'sila (28),"Hadj Aissa, M'sila, MSila","https://maps.google.com/?q=35.709901068448445,4.537471532821656",+213770641663 - +213770824131,"35.709901068448445,4.537471532821656",M'sila,28,MSila
zr express,039daf35-c258-4ca3-9685-b769b6eb32d7,Delivery Hub (ZR) El Tarf (36),"Rue Taif Farikh, El Tarf, El Tarf","https://maps.google.com/?q=36.76608793985564,8.313482701778414",+213670432238 - +213770612704,"36.76608793985564,8.313482701778414",El Tarf,36,El Tarf
zr express,8db7730a-f481-43f8-9770-bad3b74a458b,Delivery Hub (ZR) Maraval (31),"Sidi El Houari, Oran, Oran","https://maps.google.com/?q=35.705318619875456,-0.6550920009613037",+213770169659 - +213770169659,"35.705318619875456,-0.6550920009613037",Oran,31,Oran
zr express,95f33f6b-d322-4d2f-a144-bec29c3ed4f7,Delivery Hub (ZR) Tizi Ouzou (15),"Cité Les Cadets, Tizi-Ouzou, Tizi Ouzou","https://maps.google.com/?q=36.71493762727094,4.048832058906556",+213770599901 - +213770180602,"36.71493762727094,4.048832058906556",Tizi-Ouzou,15,Tizi Ouzou
zr express,114593cd-a1d9-4855-a73a-c0dbe400d1c7,Delivery Hub (ZR) Bordj Bouareridj (34),"Cité 130 logements, B. B. Arreridj, Bordj Bou Arreridj","https://maps.google.com/?q=36.08288819555784,4.74846750497818",+213770709166 - +213770272317,"36.08288819555784,4.74846750497818",B. B. Arreridj,34,Bordj Bou Arreridj
zr express,f1b3479a-156c-4d36-bd4a-c29dda99e26b,Delivery Hub (ZR) El Bayadh (32),"Hay El Graba, El Bayadh, El Bayadh","https://maps.google.com/?q=33.68186388809212,1.0212537646293642",+213770229632 - +213773038176,"33.68186388809212,1.0212537646293642",El Bayadh,32,El Bayadh
zr express,9c795633-dfe2-4f46-af02-c5a79fefb55d,Sorting Center (ZR) Biskra (07),"Biskra, Biskra, Biskra","https://maps.google.com/?q=34.85288071164764,5.724193938260301",+213770726749,"34.85288071164764,5.724193938260301",Biskra,7,Biskra
zr express,e3ed5c0e-2979-4974-adce-c5d9b4680704,Delivery Hub (ZR) Boumerdes (35),"Boulevard du 1er Novembre, Boumerdes, Boumerdes","https://maps.google.com/?q=36.76025720923849,3.469753861427307",+213773749899 - +213783395668,"36.76025720923849,3.469753861427307",Boumerdes,35,Boumerdes
zr express,12757299-dbd9-43f5-99a6-cabf1dde0f98,Sorting Center (ZR) Skikda (21),"Rue Mekki Ourtilani, Skikda, Skikda","https://maps.google.com/?q=36.88156211839718,6.906382441520692",+213659060889 - +213659060889,"36.88156211839718,6.906382441520692",Skikda,21,Skikda
zr express,ad2ca91e-cf67-44d3-a240-cebc19bc7c69,Delivery Hub (ZR) Bechar (08),"Aissat Idir (la cité), Bechar, Bechar","https://maps.google.com/?q=31.617048316568876,-2.214828729629517",+213673892326 - +213673892326,"31.617048316568876,-2.214828729629517",Bechar,8,Bechar
zr express,944d0e5f-a21c-48d7-91cf-d6541663b504,Delivery Hub (ZR) Tissemsilt (38),"Cité Sonatrach, Tissemsilt, Tissemsilt","https://maps.google.com/?q=35.60231095063507,1.8065026402473452",+213770798060 - +213770798051,"35.60231095063507,1.8065026402473452",Tissemsilt,38,Tissemsilt
zr express,f063811e-0c82-4d83-880e-d871c913d094,Delivery Hub (ZR) Mila (43),"Cité larbi ben r'djem ( 500 logts), Mila, Mila","https://maps.google.com/?q=36.45266745434751,6.262268722057343",+213657224773 - +213659525382,"36.45266745434751,6.262268722057343",Mila,43,Mila
zr express,b7b663f5-2098-488a-80c4-de62a3241cd3,Delivery Hub (ZR) Jijel (18),"Rue des Frères Khecha, Jijel, Jijel","https://maps.google.com/?q=36.81638061577293,5.7708773016929635",+213657254490 - +213657254490,"36.81638061577293,5.7708773016929635",Jijel,18,Jijel
zr express,0902076b-b768-4195-8cb4-dec46be70237,Delivery Hub (ZR) Hassi Messaoud (30),"Cité 60 Logts, Hassi Messaoud, Ouargla","https://maps.google.com/?q=31.70868171276962,6.07271432876587",+213770558888 - +213770558888,"31.70868171276962,6.07271432876587",Hassi Messaoud,30,Ouargla
zr express,35bbaf96-3ea6-48e9-84c6-e00e0f20f807,Sorting Center (ZR) Tiaret (14),"Rue Houari Abed, Tiaret, Tiaret","https://maps.google.com/?q=35.36961167543908,1.3278436660766604",+213662361611,"35.36961167543908,1.3278436660766604",Tiaret,14,Tiaret
zr express,7a6de770-a039-43ff-9180-e1668a0ab61e,Delivery Hub (ZR) Tiaret (14),"Superposés, Tiaret, Tiaret","https://maps.google.com/?q=35.3673637833686,1.3273930549621582",+213663971431 - +213770797231,"35.3673637833686,1.3273930549621582",Tiaret,14,Tiaret
zr express,3dba88d9-0916-436f-ba0f-e22b4826bb1c,Delivery Hub (ZR) Ain Defla (44),"Avenue des Martyrs, Ain-Defla, Ain Defla","https://maps.google.com/?q=36.26401851256155,1.968854069709778",+213770994268 - +213770994579,"36.26401851256155,1.968854069709778",Ain-Defla,44,Ain Defla
zr express,c97cda8a-2502-4cf8-95de-eae2db668f47,Delivery Hub (ZR) Constantine (25),"Rue Tatache Belkacem, Constantine, Constantine","https://maps.google.com/?q=36.36875421628687,6.614544689655305",+213770777159 - +213770777159,"36.36875421628687,6.614544689655305",Constantine,25,Constantine
zr express,56d7c4ed-8514-41a8-b2c5-eb76c226d777,Sorting Center (ZR) Medea (26),"Kouala, Medea, Medea","https://maps.google.com/?q=36.28900792707332,2.7631585816554427",+213779460270 - +213781279619,"36.28900792707332,2.7631585816554427",Medea,26,Medea
zr express,7b43d667-242f-4e37-aa53-ed12fe8bdc8f,Delivery Hub (ZR) Canastel (31),"Cité Moudjahidine, Oran, Oran","https://maps.google.com/?q=35.70200052257067,-0.6422415375709535",+213770601317 - +213770601317,"35.70200052257067,-0.6422415375709535",Oran,31,Oran
zr express,9d812d89-6758-48f4-8160-ed33703a29e4,Delivery Hub (ZR) Tebessa (12),"Rue de la Casbah, Tebessa, Tebessa","https://maps.google.com/?q=35.40382100737732,8.121578693389894",+213659430681 - +213775647514,"35.40382100737732,8.121578693389894",Tebessa,12,Tebessa
zr express,da659108-041c-409e-abb9-ef145cca86a1,Delivery Hub (ZR) Oum El Bouaghi (04),"Lotisement El Doua, Oum El Bouaghi, Oum El Bouaghi","https://maps.google.com/?q=35.87006853800433,7.1135079860687265",+213698631234 - +213672961016,"35.87006853800433,7.1135079860687265",Oum El Bouaghi,4,Oum El Bouaghi
zr express,658c43cb-5246-4c47-92c1-f37d88eece72,Delivery Hub (ZR) Biskra (07),"Cité Bilal, Biskra, Biskra","https://maps.google.com/?q=34.85065396392662,5.730668306350709",+213771108793 - +213671996654,"34.85065396392662,5.730668306350709",Biskra,7,Biskra
zr express,f5e07fa1-fd59-421d-a17d-f3d5d1c029ff,Delivery Hub (ZR) Lidou (16),"شارع العربي التبسي, Bordj El Kiffan, Alger","https://maps.google.com/?q=36.74598225958265,3.1813654303550725",+213770363902 - +213770363902,"36.74598225958265,3.1813654303550725",Bordj El Kiffan,16,Alger
zr express,c6f7b6ea-9d8a-4985-af1c-f5849ace5d1f,Sorting Center (ZR) Blida (09),"Bab Khouikha, Blida, Blida","https://maps.google.com/?q=36.476972008659665,2.8240656852722172",+213562294214 - +213770772111,"36.476972008659665,2.8240656852722172",Blida,9,Blida
zr express,46a61165-5378-484d-a0c9-f5c1df785df9,Delivery Hub (ZR) Chlef (02),"Rue Dahnane Abdelkader, Chlef, Chlef","https://maps.google.com/?q=36.16609785781377,1.337542533874512",+213770186232 - +213770994675,"36.16609785781377,1.337542533874512",Chlef,2,Chlef
zr express,65adf95c-e1a3-4c1e-a85d-f9f4c6dc6cf3,Delivery Hub (ZR) Djelfa (17),"Cité Dhaya, Djelfa, Djelfa","https://maps.google.com/?q=34.67497450021508,3.2483589649200444",+213657700176 - +213770451600,"34.67497450021508,3.2483589649200444",Djelfa,17,Djelfa
zr express,2429e83e-a56d-4069-9205-fc70fec84725,Sorting Center (ZR) Souakria (16),"SOUAKRIA, Les Eucalyptus, Alger","https://maps.google.com/?q=36.65238162377833,3.204244673252106",+213770085300,"36.65238162377833,3.204244673252106",Les Eucalyptus,16,Alger
zr express,7d6e7a8c-c5b0-4495-8271-fcf24efd3d7d,Delivery Hub (ZR) Ouled Djellal (51),"Rue Bayodh Kouider, Ouled Djellal, Ouled Djellal","https://maps.google.com/?q=34.42473730869326,5.056162476539613",+213770764905 - +213770016308,"34.42473730869326,5.056162476539613",Ouled Djellal,7,Ouled Djellal
dhd,1000,Adrar (DHD),,https://www.google.com/maps/search/?api=1&query=DHD%20Express%20Adrar&query_place_id=ChIJ61NhTwCf9Q0RDRu_U0IyLzg,+213 660 94 45 35,,Adrar,1,Adrar
dhd,2000,Chlef (DHD),,https://www.google.com/maps/search/?api=1&query=Dhd%20livraison%20chlef&query_place_id=ChIJG6IjWwAPhBIRRy_2NRqugO0,+213 770 10 59 60,,Chlef,2,Chlef
dhd,3000,Laghouat (DHD),,https://www.google.com/maps/search/?api=1&query=DHD%20livraison&query_place_id=ChIJLRJODwBRjhIRb9G6UOr9tJU,+213 550 08 34 48,,Laghouat,3,Laghouat
dhd,4005,Ain Fekroune (DHD),,https://www.google.com/maps/search/?api=1&query=dhd%20livraison%20ain%20fakroun%20oum%20el%20bouaghi&query_place_id=ChIJKY5dmAE78RIRbT8xNGjWQEA,+213 657 77 00 31,,Ain Fekroune,4,Oum El Bouaghi
dhd,4000,Oum El Bouaghi (DHD),,https://www.google.com/maps/search/?api=1&query=dhd%20livraison%20oum%20el%20bouagh&query_place_id=ChIJRz6YFADX8BIR1fGaDsqjcRk,,,Oum El Bouaghi,4,Oum El Bouaghi
dhd,5001,Barika (DHD),,https://www.google.com/maps/search/?api=1&query=dhd%20livraison%20barika&query_place_id=ChIJaf-iNgDB9BIRvD5hJ_UlXnc,+213 674 72 87 01,,Barika,5,Batna
dhd,5000,Batna (DHD),,https://www.google.com/maps/search/?api=1&query=DHD%20livraison%20express%20BATNA&query_place_id=ChIJS2TJBQAR9BIRFGrLeuexi7I,+213 777 45 83 19,,Batna,5,Batna
dhd,6000,Bejaia (DHD),,https://www.google.com/maps/search/?api=1&query=Dhd%20livraison%20express%20B%C3%A9ja%C3%AFa&query_place_id=ChIJM2vqp8UzjRIRkALkZdcRrAA,+213 770 19 01 40,,Bejaia,6,Béjaïa
dhd,7000,Biskra (DHD),,https://www.google.com/maps/search/?api=1&query=DHD%20LIVRAISON%20EXPRESS%20BISKRA&query_place_id=ChIJk6lVdwCn9RIRdE_EHvbwUrk,+213 660 83 79 69,,Biskra,7,Biskra
dhd,8000,Bechar (DHD),,https://www.google.com/maps/search/?api=1&query=DHD%20LIVRAISON%20EXPRESS&query_place_id=ChIJn0lsbwBfhQ0RYXuZZIwZucw,+213 663 85 29 73,,Bechar,8,Béchar
dhd,9003,Beni Mered (DHD),,https://www.google.com/maps/search/?api=1&query=DHD%20M%C3%A9d%C3%A9a%2026&query_place_id=ChIJCybcEAAVjxIRG_FCO82g0bc,+213 553 21 20 98,,Beni Mered,9,Blida
dhd,9001,Boufarik (DHD),,https://www.google.com/maps/search/?api=1&query=DHD%20livraison%20boufarik&query_place_id=ChIJccrSCACnjxIRrSEdPHh417A,+213 770 84 34 79,,Boufarik,9,Blida
dhd,9015,Ouled Yaich (DHD),,https://www.google.com/maps/search/?api=1&query=DHD%20livraison&query_place_id=ChIJM3fVj-sJjxIR1UVOiXdY2Vw,+213 794 86 84 50,,Ouled Yaich,9,Blida
dhd,10000,Bouira (DHD),,https://www.google.com/maps/search/?api=1&query=DHD%20Livraison%20harkat%20bouira&query_place_id=ChIJ8QiBAAAljBIR43YAlngTVEI,,,Bouira,10,Bouira
dhd,11000,Tamanrasset (DHD),,https://www.google.com/maps/search/?api=1&query=Dhd%20Livraison%20Tamanrasset&query_place_id=ChIJ7Y1nWABvIBIRB-azRrUhUTA,+213 660 80 87 59,,Tamanrasset,11,Tamanrasset
dhd,12000,Tebessa (DHD),,https://www.google.com/maps/search/?api=1&query=DHD%20livraison%20tebessa&query_place_id=ChIJ0zrapwrt-RIR4ys9sTfrh5s,+213 669 32 84 30,,Tebessa,12,Tébessa
dhd,13006,Sebdou (DHD),,https://www.google.com/maps/search/?api=1&query=Sebdou&query_place_id=ChIJraPnbk6ueA0R-4p-MBOXooA,,,Sebdou,13,Tlemcen
dhd,13000,Tlemcen (DHD),,https://www.google.com/maps/search/?api=1&query=DHD&query_place_id=ChIJw1x5ZADJeA0Rr4Bs_j8Hbrk,+213 770 84 26 09,,Tlemcen,13,Tlemcen
dhd,14002,Ksar Chellala (DHD),,https://www.google.com/maps/search/?api=1&query=Ksar%20Chellala&query_place_id=ChIJV9pre0EthhIRwutoeDHjxfQ,,,Ksar Chellala,14,Tiaret
dhd,14000,Tiaret (DHD),,https://www.google.com/maps/search/?api=1&query=DHD%20Livraison%20Tiaret&query_place_id=ChIJi3u6v5rRhhIR_095F0gIttk,+213 672 01 03 12,,Tiaret,14,Tiaret
dhd,15000,Tizi Ouzou (DHD),,https://www.google.com/maps/search/?api=1&query=DHD%20livraison%20expres%20Tizi%20ouzou&query_place_id=ChIJGf8Icr3JjRIRJ_gJG34bKvs,+213 557 29 78 72,,Tizi Ouzou,15,Tizi Ouzou
dhd,16008,Bab El Oued (DHD),,https://www.google.com/maps/search/?api=1&query=Dhd%20Bab%20Eloued&query_place_id=ChIJ-XG_aAuzjxIRm7SreNXWqTc,+213 770 10 36 96,,Bab El Oued,16,Alger
dhd,16024,Bab Ezzouar (DHD),,https://www.google.com/maps/search/?api=1&query=DHD%20Bab%20Ezzouar&query_place_id=ChIJ5xWeYwBRjhIR8LaWWNXoqSw,+213 550 30 65 67,,Bab Ezzouar,16,Alger
dhd,16045,Bir Touta (DHD),,https://www.google.com/maps/search/?api=1&query=Dhd%20livraison%20birtouta&query_place_id=ChIJZ1JgUACpjxIRckR065Np-iA,+213 557 37 97 71,,Bir Touta,16,Alger
dhd,16014,Cheraga (DHD),,https://www.google.com/maps/search/?api=1&query=Dhd%20livriason%20cheraga%20nouveau&query_place_id=ChIJD8yWQgCxjxIROG6579_rsZ8,+213 770 11 41 41,,Cheraga,16,Alger
dhd,16048,Djasr Kasentina (DHD),,https://www.google.com/maps/search/?api=1&query=Dhd%20Birkhadem&query_place_id=ChIJ7WqRK42tjxIRgHE7uLdTO3c,+213 770 23 81 51,,Djasr Kasentina,16,Alger
dhd,16055,Kouba (DHD),,https://www.google.com/maps/search/?api=1&query=DHD%20Livraison%20Kouba&query_place_id=ChIJybioVQBTjhIRrrVMsHNoOFo,+213 770 00 22 95,,Kouba,16,Alger
dhd,16036,Reghaia (DHD),,https://www.google.com/maps/search/?api=1&query=DHD%20LIVRAISON%20REGHAIA&query_place_id=ChIJT2BdRQBdjhIRERRwDmwTIYI,+213 773 25 42 76,,Reghaia,16,Alger
dhd,17001,Ain Oussera (DHD),,https://www.google.com/maps/search/?api=1&query=DHD%20livraison&query_place_id=ChIJtbJFWwDpiBIR6Nb3_6GmN_Y,+213 671 65 82 98,,Ain Oussera,17,Djelfa
dhd,17000,Djelfa (DHD),,https://www.google.com/maps/search/?api=1&query=%D8%B9%D9%8A%D9%86%20%D9%88%D8%B3%D8%A7%D8%B1%D8%A9&query_place_id=ChIJn7CkdADFiRIRyRjUkE6brAw,,,Djelfa,17,Djelfa
dhd,18000,Jijel (DHD),,https://www.google.com/maps/search/?api=1&query=%D8%A7%D9%84%D8%A8%D8%B1%D9%8A%D8%AF%20%D8%A7%D9%84%D8%B3%D8%B1%D9%8A%D8%B9%20dhd%20(dhd%20livraison%20jijel)&query_place_id=ChIJD06gWABh8hIRCiBsskRzRRA,+213 770 77 28 93,,Jijel,18,Jijel
dhd,19004,El Eulma (DHD),,https://www.google.com/maps/search/?api=1&query=Dhd%20livraison%20el%20eulma&query_place_id=ChIJjzqedGUL8xIRQiCZ0c4uyV4,+213 770 04 48 47,,El Eulma,19,Sétif
dhd,19000,Setif (DHD),,https://www.google.com/maps/search/?api=1&query=DHD%20LIVRAISON%20SETIF&query_place_id=ChIJr7mucwAV8xIRLMOHcPNE0NU,+213 559 91 76 24,,Setif,19,Sétif
dhd,20000,Saida (DHD),,https://www.google.com/maps/search/?api=1&query=DHD%20LIVRAISON%20EXPRESS%20SAIDA&query_place_id=ChIJOR8VFgAZgBIRlzf4CMnogOc,,,Saida,20,Saïda
dhd,21003,El Arrouch (DHD),,https://www.google.com/maps/search/?api=1&query=DHD%20Livraison%20express%20El%20Oued&query_place_id=ChIJGyU2bv4RWRIR6LFV-f6CANQ,+213 550 01 28 46,,El Arrouch,21,Skikda
dhd,21000,Skikda (DHD),,https://www.google.com/maps/search/?api=1&query=Dhd%20Livraison&query_place_id=ChIJfxUaKQDF8RIRle35yJAWXGQ,+213 770 13 41 27,,Skikda,21,Skikda
dhd,22000,Sidi Bel Abbes (DHD),,https://www.google.com/maps/search/?api=1&query=DHD%20LIVRAISON%20SIDI%20BEL%20ABBES&query_place_id=ChIJZYYadgABfw0RVKyZzBjMZPY,+213 770 17 21 42,,Sidi Bel Abbes,22,Sidi Bel Abbès
dhd,23000,Annaba (DHD),,https://www.google.com/maps/search/?api=1&query=DHD%20Livraison%20Express%20SIDI%20ACHOUR&query_place_id=ChIJE5N1FQAH8BIRUg7gWfTTHIU,+213 774 72 95 27,,Annaba,23,Annaba
dhd,23010,El Bouni (DHD),,https://www.google.com/maps/search/?api=1&query=DHD%20Livraison%20Express&query_place_id=ChIJKUptTW8JjxIRwqNzUvC6LN8,+213 550 78 01 80,,El Bouni,23,Annaba
dhd,24000,Guelma (DHD),,https://www.google.com/maps/search/?api=1&query=DHD%20LIVRAISON%20GUELMA&query_place_id=ChIJyQiA4HVd8BIRHXMcFNWph-w,+213 774 72 95 27,,Guelma,24,Guelma
dhd,25000,Constantine (DHD),,https://www.google.com/maps/search/?api=1&query=Dhd&query_place_id=ChIJpUd7ZgB78RIRaf79akHZYLY,+213 552 54 71 40,,Constantine,25,Constantine
dhd,25005,El Khroub (DHD),,https://www.google.com/maps/search/?api=1&query=DHD%20LIVRAISON%20Elkhroub&query_place_id=ChIJC9eSCgBz8RIR6NGOuFiekhs,+213 553 81 31 33,,El Khroub,25,Constantine
dhd,26000,Medea (DHD),,https://www.google.com/maps/search/?api=1&query=Medea%20Alg%C3%A9rie&query_place_id=ChIJpWT8ZqprjxIRMG6GfhQmSLc,+213 781 04 11 43,,Medea,26,Médéa
dhd,27000,Mostaganem (DHD),,https://www.google.com/maps/search/?api=1&query=DHD%20Mostaganem&query_place_id=ChIJU4wxWAADghIR78xX5ATnLBQ,+213 662 98 88 18,,Mostaganem,27,Mostaganem
dhd,28001,Bou Saada (DHD),,https://www.google.com/maps/search/?api=1&query=Dhd%20livraison%20boussaada&query_place_id=ChIJZQEMcACzixIRB8LwVCfkLhM,+213 676 86 34 21,,Bou Saada,28,M'Sila
dhd,28000,M'sila (DHD),,https://www.google.com/maps/search/?api=1&query=DHD%20LIVRAISON%20MSILA%2028&query_place_id=ChIJEZUFYQB7ixIRTOCLMZ-dMcQ,,,M'sila,28,M'Sila
dhd,28067,Zarzour (DHD),,https://www.google.com/maps/search/?api=1&query=Diouls%20El%20Hara%20(%20Chez%20AZROU%20)&query_place_id=ChIJA6KaFgAhhxIRs938hfvZtQU,+213 668 22 19 70,,Zarzour,28,M'Sila
dhd,29000,Mascara (DHD),,https://www.google.com/maps/search/?api=1&query=DHD%20Mascara&query_place_id=ChIJuW1GPwDbgRIRS1kAy3AttRM,+213 660 52 43 41,,Mascara,29,Mascara
dhd,30000,Ouargla (DHD),,https://www.google.com/maps/search/?api=1&query=Dhd%20livraison%20express%20ouargla&query_place_id=ChIJFbcorSVpXRIRCtoUR_ZDqAs,+213 658 21 43 25,,Ouargla,30,Ouargla
dhd,31023,Bir El Djir (DHD),,https://www.google.com/maps/search/?api=1&query=DHD%20Livraison%20AKID&query_place_id=ChIJB0CLTLhjfg0R5qaMPMGPfC8,+213 554 90 11 92,,Bir El Djir,31,Oran
dhd,31000,Oran (DHD),,https://www.google.com/maps/search/?api=1&query=DHD%20Livraison%20d%C3%A9p%C3%B4t&query_place_id=ChIJ006-rW6Jfg0Rn19zjroX7SQ,+213 549 94 85 80,,Oran,31,Oran
dhd,31038,Sidi Chami (DHD),,https://www.google.com/maps/search/?api=1&query=Dhd%20livraison%20maraval&query_place_id=ChIJUfIkZQCJfg0Rd6mutZyCl7w,+213 772 15 35 79,,Sidi Chami,31,Oran
dhd,32000,El Bayadh (DHD),,https://www.google.com/maps/search/?api=1&query=DHD%20livraison%20elbayadh&query_place_id=ChIJXY2faACPfhIRZMt3Pv3gkrU,+213 663 20 04 82,,El Bayadh,32,El Bayadh
dhd,33000,Illizi (DHD),,https://www.google.com/maps/search/?api=1&query=%D8%A7%D9%84%D8%A8%D8%B1%D9%8A%D8%AF%20%D8%A7%D9%84%D8%B3%D8%B1%D9%8A%D8%B9%20DHD&query_place_id=ChIJdfvaLgAfMRIRqAbaSO5uyxI,+213 676 08 60 25,,Illizi,33,Illizi
dhd,34000,Bordj Bou Arreridj (DHD),,https://www.google.com/maps/search/?api=1&query=DHD%20Bordj%20Bou%20Arriridj&query_place_id=ChIJaX9ZdwC9jBIROjXOyXIGzNo,+213 770 32 34 86,,Bordj Bou Arreridj,34,Bordj Bou Arreridj
dhd,35001,Bordj Menaiel (DHD),,https://www.google.com/maps/search/?api=1&query=DHD%20Livraison%20Express%20Tiaret&query_place_id=ChIJA8yXCADRhhIRDpEW8PPwV8k,+213 672 01 03 12,,Bordj Menaiel,35,Boumerdès
dhd,35000,Boumerdes (DHD),,https://www.google.com/maps/search/?api=1&query=Dhd%20livraison%20Boumerdes&query_place_id=ChIJR-66ZBtpjhIRY70_hgmSm4Y,+213 770 35 96 59,,Boumerdes,35,Boumerdès
dhd,36000,El Tarf (DHD),,https://www.google.com/maps/search/?api=1&query=%D9%85%D8%AD%D9%84%20%D8%A7%D9%84%D8%AF%D9%84%D8%A7%D9%84&query_place_id=ChIJ03rww1lvIBIRptIPawsPvnU,+213 675 98 85 91,,El Tarf,36,El Tarf
dhd,37000,Tindouf (DHD),,https://www.google.com/maps/search/?api=1&query=DHD%20livraison%20Tindouf&query_place_id=ChIJ39cDRQD1yA0R_eZbnTrI1L0,,,Tindouf,37,Tindouf
dhd,38000,Tissemsilt (DHD),,https://www.google.com/maps/search/?api=1&query=dhd%20laivrason%20tissemsilet&query_place_id=ChIJaarFbQCLhhIRyCEd-RgqNo8,+213 773 20 08 61,,Tissemsilt,38,Tissemsilt
dhd,39000,El Oued (DHD),,https://www.google.com/maps/search/?api=1&query=DHD%20Express&query_place_id=ChIJeVZpAgCDgRIRdZDleLYUN10,+213 562 71 81 66,,El Oued,39,El Oued
dhd,40000,Khenchela (DHD),,https://www.google.com/maps/search/?api=1&query=DHD%20Livraison%20Khenchela&query_place_id=ChIJAZKiegAh9xIRV2TqraDT0T0,+213 770 63 72 90,,Khenchela,40,Khenchela
dhd,41000,Souk Ahras (DHD),,https://www.google.com/maps/search/?api=1&query=Dhd%20livraison&query_place_id=ChIJZcdUVgB9-hIR2OfBVaJARYk,+213 770 54 64 13,,Souk Ahras,41,Souk Ahras
dhd,42003,Kolea (DHD),,https://www.google.com/maps/search/?api=1&query=DHD%20Livraison&query_place_id=ChIJO3rkMQCfjxIRhERdmoaFfbQ,+213 672 47 60 11,,Kolea,42,Tipaza
dhd,42000,Tipaza (DHD),,https://www.google.com/maps/search/?api=1&query=DHD%20livraison&query_place_id=ChIJqfdhfACBjxIRS3HAjdrC5ec,+213 542 03 90 62,,Tipaza,42,Tipaza
dhd,43000,Mila (DHD),,https://www.google.com/maps/search/?api=1&query=DHD%20livraison%20mila43&query_place_id=ChIJoS4pNgAt8hIRbVnUs2QM4z4,+213 770 17 77 72,,Mila,43,Mila
dhd,44000,Ain Defla (DHD),,https://www.google.com/maps/search/?api=1&query=Dhd%20Livraison&query_place_id=ChIJ19BmJgC3hRIRMMXpJCX0j1A,+213 699 68 77 15,,Ain Defla,44,Aïn Defla
dhd,44001,Khemis Miliana (DHD),,https://www.google.com/maps/search/?api=1&query=Dhd%20Livraison%20Khemis%20Miliana&query_place_id=ChIJZ2iJJgCThRIRLV2mOUWt6JM,+213 697 40 58 17,,Khemis Miliana,44,Aïn Defla
dhd,45002,Mecheria (DHD),,https://www.google.com/maps/search/?api=1&query=DHD%20livraison%20express%20mecheria&query_place_id=ChIJ1f5UVACTgA0RsbP0OV0c7jI,+213 660 97 35 92,,Mecheria,45,Naâma
dhd,46000,Ain Temouchent (DHD),,https://www.google.com/maps/search/?api=1&query=DHD%20LIVRAISON%20A%C3%AFn%20T%C3%A9mouchent&query_place_id=ChIJWXPYJgDTfg0RcMM5gLGC-1g,+213 675 25 78 58,,Ain Temouchent,46,Aïn Témouchent
dhd,47000,Ghardaia (DHD),,https://www.google.com/maps/search/?api=1&query=DHD%20%26%20Atbire%20delivery%20express%20ghardaia&query_place_id=ChIJKzd_rCIpZBIRxNW7i19a_WA,+213 541 88 83 30,,Ghardaia,47,Ghardaïa
dhd,48000,Relizane (DHD),,https://www.google.com/maps/search/?api=1&query=bureau%20de%20livraison&query_place_id=ChIJKS-D6rCDgRIRY6q7VwT9ado,+213 699 55 37 15,,Relizane,48,Relizane
dhd,1001,Timimoun (DHD),,https://www.google.com/maps/search/?api=1&query=Dhd%20express%20timimoun49&query_place_id=ChIJ5aG2MQBzdRIRQgmJf7AnkO8,,,Timimoun,49,Timimoun
dhd,7002,Ouled Djellal (DHD),,https://www.google.com/maps/search/?api=1&query=Dhd%20Livraison%20Ouled%20Djellal&query_place_id=ChIJEU-2DQBV9RIR3sD5VZxyyNU,+213 774 66 84 72,,Ouled Djellal,51,Ouled Djellal
dhd,11001,In Salah (DHD),,https://www.google.com/maps/search/?api=1&query=In%20Salah&query_place_id=ChIJaSLqlGMAEhIRz2oOK41gU2k,,,In Salah,53,In Salah
dhd,30002,Touggourt (DHD),,https://www.google.com/maps/search/?api=1&query=DHD&query_place_id=ChIJBUaeSgDjYhIRKbi19pRZS6g,+213 550 52 88 16,,Touggourt,55,Touggourt
dhd,47001,El Meniaa (DHD),,https://www.google.com/maps/search/?api=1&query=DHD%20Elmeniaa&query_place_id=ChIJyREodQBFbhIRxRmI9z4AYpA,+213 770 80 58 58,,El Meniaa,58,El Meniaa